role,race,full_name,username,gender,ethnic_group,niche,followers_count,following_count,avatar_url
content,caucasian,"Troy Howard",TroyHoward,male,western,science_technology,361,209,https://randomuser.me/api/portraits/men/0.jpg
content,caucasian,"Brooke Turner",BrookeTurner,female,western,ai,444,137,https://randomuser.me/api/portraits/women/0.jpg
content,caucasian,"Tammy Bryant",TammyBryant,female,western,space,349,92,https://randomuser.me/api/portraits/women/1.jpg
content,caucasian,"Karen Jordan A.",KarenJordanA,female,western,gadgets,632,227,https://randomuser.me/api/portraits/women/2.jpg
content,caucasian,"Clayton McDonald",ClaytonMcDonald,male,western,fashion_lifestyle,366,116,https://randomuser.me/api/portraits/men/1.jpg
content,caucasian,"Victoria Perez",VictoriaPerez,female,western,nature_environment,496,101,https://randomuser.me/api/portraits/women/3.jpg
content,caucasian,"Abigail Carter",AbigailCarter,female,western,animals_wildlife,483,202,https://randomuser.me/api/portraits/women/4.jpg
content,caucasian,"James Miller A.",JamesMillerA,male,western,health_fitness,332,260,https://randomuser.me/api/portraits/men/2.jpg
content,caucasian,"Deborah Torres",DeborahTorres,female,western,education_career,341,131,https://randomuser.me/api/portraits/women/5.jpg
content,caucasian,"Sarah Williams",SarahWilliams,female,western,business_entrepreneurship,575,266,https://randomuser.me/api/portraits/women/6.jpg
content,caucasian,"Beverly Washington A.",BeverlyWashingtonA,female,western,sports,614,88,https://randomuser.me/api/portraits/women/7.jpg
content,caucasian,"Helen Foster",HelenFoster,female,western,science_technology,638,82,https://randomuser.me/api/portraits/women/8.jpg
content,caucasian,"Vincent Alexander A.",VincentAlexanderA,male,western,ai,518,243,https://randomuser.me/api/portraits/men/3.jpg
content,caucasian,"Sydney Evans A.",SydneyEvansA,female,western,space,553,213,https://randomuser.me/api/portraits/women/9.jpg
content,caucasian,"Amber Stewart",AmberStewart,female,western,gadgets,563,84,https://randomuser.me/api/portraits/women/10.jpg
content,caucasian,"Ethan Roberts",EthanRoberts,male,western,fashion_lifestyle,652,85,https://randomuser.me/api/portraits/men/4.jpg
content,caucasian,"Kylie Edwards",KylieEdwards,female,western,nature_environment,529,90,https://randomuser.me/api/portraits/women/11.jpg
content,caucasian,"Bonnie Butler A.",BonnieButlerA,female,western,animals_wildlife,418,137,https://randomuser.me/api/portraits/women/12.jpg
content,caucasian,"Scott Torres A.",ScottTorresA,male,western,health_fitness,348,262,https://randomuser.me/api/portraits/men/5.jpg
content,caucasian,"Stephanie Taylor A.",StephanieTaylorA,female,western,education_career,557,134,https://randomuser.me/api/portraits/women/13.jpg
content,caucasian,"Brenda Price",BrendaPrice,female,western,business_entrepreneurship,385,235,https://randomuser.me/api/portraits/women/14.jpg
content,caucasian,"Angela Russell A.",AngelaRussellA,female,western,sports,362,140,https://randomuser.me/api/portraits/women/15.jpg
content,caucasian,"Ann Henderson",AnnHenderson,female,western,science_technology,518,122,https://randomuser.me/api/portraits/women/16.jpg
content,caucasian,"Kaitlyn Morris A.",KaitlynMorrisA,female,western,ai,608,181,https://randomuser.me/api/portraits/women/17.jpg
content,caucasian,"Madison Nelson",MadisonNelson,female,western,space,409,156,https://randomuser.me/api/portraits/women/18.jpg
content,caucasian,"Lauren Jackson",LaurenJackson,female,western,gadgets,618,256,https://randomuser.me/api/portraits/women/19.jpg
content,caucasian,"Randy Coleman",RandyColeman,male,western,fashion_lifestyle,343,85,https://randomuser.me/api/portraits/men/6.jpg
content,caucasian,"Helen Foster A.",HelenFosterA,female,western,nature_environment,333,275,https://randomuser.me/api/portraits/women/20.jpg
content,caucasian,"Norman Griffin",NormanGriffin,male,western,animals_wildlife,582,200,https://randomuser.me/api/portraits/men/7.jpg
content,caucasian,"Bobby Flores A.",BobbyFloresA,male,western,health_fitness,536,125,https://randomuser.me/api/portraits/men/8.jpg
content,caucasian,"Cheryl Diaz",CherylDiaz,female,western,education_career,336,181,https://randomuser.me/api/portraits/women/21.jpg
content,caucasian,"Joe Patterson A.",JoePattersonA,male,western,business_entrepreneurship,337,93,https://randomuser.me/api/portraits/men/9.jpg
content,caucasian,"Peggy Woods",PeggyWoods,female,western,sports,346,194,https://randomuser.me/api/portraits/women/22.jpg
content,caucasian,"Justin Lopez A.",JustinLopezA,male,western,science_technology,419,113,https://randomuser.me/api/portraits/men/10.jpg
content,caucasian,"Phyllis Ford",PhyllisFord,female,western,ai,612,98,https://randomuser.me/api/portraits/women/23.jpg
content,caucasian,"Allen Bryant",AllenBryant,male,western,space,414,198,https://randomuser.me/api/portraits/men/11.jpg
content,caucasian,"Darren Graham",DarrenGraham,male,western,gadgets,569,184,https://randomuser.me/api/portraits/men/12.jpg
content,caucasian,"Samantha Lee A.",SamanthaLeeA,female,western,fashion_lifestyle,423,208,https://randomuser.me/api/portraits/women/24.jpg
content,caucasian,"Ernest Myers A.",ErnestMyersA,male,western,nature_environment,395,182,https://randomuser.me/api/portraits/men/13.jpg
content,caucasian,"Shane Cox",ShaneCox,male,western,animals_wildlife,486,253,https://randomuser.me/api/portraits/men/14.jpg
content,caucasian,"Brooke Turner A.",BrookeTurnerA,female,western,health_fitness,448,124,https://randomuser.me/api/portraits/women/25.jpg
content,caucasian,"Zoe Green",ZoeGreen,female,western,education_career,602,164,https://randomuser.me/api/portraits/women/26.jpg
content,caucasian,"Isabella Allen",IsabellaAllen,female,western,business_entrepreneurship,338,261,https://randomuser.me/api/portraits/women/27.jpg
content,caucasian,"Eugene Henderson",EugeneHenderson,male,western,sports,632,213,https://randomuser.me/api/portraits/men/15.jpg
content,caucasian,"Gerald Barnes A.",GeraldBarnesA,male,western,science_technology,516,119,https://randomuser.me/api/portraits/men/16.jpg
content,caucasian,"Ethan Roberts A.",EthanRobertsA,male,western,ai,400,156,https://randomuser.me/api/portraits/men/17.jpg
content,caucasian,"Elizabeth Moore A.",ElizabethMooreA,female,western,space,486,163,https://randomuser.me/api/portraits/women/28.jpg
content,caucasian,"Philip Brooks",PhilipBrooks,male,western,gadgets,350,135,https://randomuser.me/api/portraits/men/18.jpg
content,caucasian,"Carter Rogers",CarterRogers,male,western,fashion_lifestyle,506,225,https://randomuser.me/api/portraits/men/19.jpg
content,caucasian,"Dorothy Wood A.",DorothyWoodA,female,western,nature_environment,381,87,https://randomuser.me/api/portraits/women/29.jpg
content,caucasian,"Vince Gibson A.",VinceGibsonA,male,western,animals_wildlife,359,259,https://randomuser.me/api/portraits/men/20.jpg
content,caucasian,"Gerald Barnes",GeraldBarnes,male,western,health_fitness,512,134,https://randomuser.me/api/portraits/men/21.jpg
content,caucasian,"Beverly Washington",BeverlyWashington,female,western,education_career,491,126,https://randomuser.me/api/portraits/women/30.jpg
content,caucasian,"Norma Myers",NormaMyers,female,western,business_entrepreneurship,528,243,https://randomuser.me/api/portraits/women/31.jpg
content,caucasian,"Carl Wood A.",CarlWoodA,male,western,sports,488,205,https://randomuser.me/api/portraits/men/22.jpg
content,caucasian,"Evelyn Hamilton",EvelynHamilton,female,western,science_technology,597,155,https://randomuser.me/api/portraits/women/32.jpg
content,caucasian,"Bradley Sanders",BradleySanders,male,western,ai,398,241,https://randomuser.me/api/portraits/men/23.jpg
content,caucasian,"Norma Myers A.",NormaMyersA,female,western,space,459,252,https://randomuser.me/api/portraits/women/33.jpg
content,caucasian,"Ava Young",AvaYoung,female,western,gadgets,610,126,https://randomuser.me/api/portraits/women/34.jpg
content,caucasian,"Gloria Flores",GloriaFlores,female,western,fashion_lifestyle,535,83,https://randomuser.me/api/portraits/women/35.jpg
content,caucasian,"Ryan Young",RyanYoung,male,western,nature_environment,390,119,https://randomuser.me/api/portraits/men/24.jpg
content,caucasian,"Cheryl Diaz A.",CherylDiazA,female,western,animals_wildlife,448,229,https://randomuser.me/api/portraits/women/36.jpg
content,caucasian,"Craig Peterson A.",CraigPetersonA,male,western,health_fitness,459,253,https://randomuser.me/api/portraits/men/25.jpg
content,caucasian,"Dirk Owens",DirkOwens,male,western,education_career,415,186,https://randomuser.me/api/portraits/men/26.jpg
content,caucasian,"Morgan Campbell",MorganCampbell,female,western,business_entrepreneurship,555,124,https://randomuser.me/api/portraits/women/37.jpg
content,caucasian,"Aaron Scott A.",AaronScottA,male,western,sports,342,220,https://randomuser.me/api/portraits/men/27.jpg
content,caucasian,"Jane Griffin",JaneGriffin,female,western,science_technology,606,194,https://randomuser.me/api/portraits/women/38.jpg
content,caucasian,"Megan White A.",MeganWhiteA,female,western,ai,414,96,https://randomuser.me/api/portraits/women/39.jpg
content,caucasian,"Connor Turner A.",ConnorTurnerA,male,western,space,401,123,https://randomuser.me/api/portraits/men/28.jpg
content,caucasian,"Jenna Collins",JennaCollins,female,western,gadgets,581,253,https://randomuser.me/api/portraits/women/40.jpg
content,caucasian,"Alice Perry",AlicePerry,female,western,fashion_lifestyle,523,122,https://randomuser.me/api/portraits/women/41.jpg
content,caucasian,"Brian Nelson A.",BrianNelsonA,male,western,nature_environment,446,231,https://randomuser.me/api/portraits/men/29.jpg
content,caucasian,"Jennifer Thomas A.",JenniferThomasA,female,western,animals_wildlife,579,224,https://randomuser.me/api/portraits/women/42.jpg
content,caucasian,"Paige Phillips",PaigePhillips,female,western,health_fitness,596,245,https://randomuser.me/api/portraits/women/43.jpg
content,caucasian,"Kelly Morgan",KellyMorgan,female,western,education_career,402,84,https://randomuser.me/api/portraits/women/44.jpg
content,caucasian,"Catherine Gonzales A.",CatherineGonzalesA,female,western,business_entrepreneurship,335,155,https://randomuser.me/api/portraits/women/45.jpg
content,caucasian,"Tina Wallace",TinaWallace,female,western,sports,391,238,https://randomuser.me/api/portraits/women/46.jpg
content,caucasian,"Danielle Murphy A.",DanielleMurphyA,female,western,science_technology,561,84,https://randomuser.me/api/portraits/women/47.jpg
content,caucasian,"Freddie Hayes",FreddieHayes,male,western,ai,598,233,https://randomuser.me/api/portraits/men/30.jpg
content,caucasian,"Kayla Robinson A.",KaylaRobinsonA,female,western,space,493,166,https://randomuser.me/api/portraits/women/48.jpg
content,caucasian,"Jean Powell A.",JeanPowellA,female,western,gadgets,398,243,https://randomuser.me/api/portraits/women/49.jpg
content,caucasian,"Clayton McDonald A.",ClaytonMcDonaldA,male,western,fashion_lifestyle,547,141,https://randomuser.me/api/portraits/men/31.jpg
content,caucasian,"Roberta Ellis",RobertaEllis,female,western,nature_environment,506,282,https://randomuser.me/api/portraits/women/50.jpg
content,caucasian,"Judy Long",JudyLong,female,western,animals_wildlife,355,182,https://randomuser.me/api/portraits/women/51.jpg
content,caucasian,"Albert Long",AlbertLong,male,western,health_fitness,397,295,https://randomuser.me/api/portraits/men/32.jpg
content,caucasian,"Alexis Roberts A.",AlexisRobertsA,female,western,education_career,597,206,https://randomuser.me/api/portraits/women/52.jpg
content,caucasian,"Emma Baker",EmmaBaker,female,western,business_entrepreneurship,396,150,https://randomuser.me/api/portraits/women/53.jpg
content,caucasian,"Sharon Brooks",SharonBrooks,female,western,sports,563,196,https://randomuser.me/api/portraits/women/54.jpg
content,caucasian,"Ann Henderson A.",AnnHendersonA,female,western,science_technology,552,254,https://randomuser.me/api/portraits/women/55.jpg
content,caucasian,"Karen Jordan",KarenJordan,female,western,ai,585,277,https://randomuser.me/api/portraits/women/56.jpg
content,caucasian,"Janet Barnes A.",JanetBarnesA,female,western,space,336,235,https://randomuser.me/api/portraits/women/57.jpg
content,caucasian,"Keith Gray A.",KeithGrayA,male,western,gadgets,446,187,https://randomuser.me/api/portraits/men/33.jpg
content,caucasian,"Rosa Sullivan",RosaSullivan,female,western,fashion_lifestyle,574,228,https://randomuser.me/api/portraits/women/58.jpg
content,caucasian,"Amy Ward",AmyWard,female,western,nature_environment,337,200,https://randomuser.me/api/portraits/women/59.jpg
content,caucasian,"Donna Alexander A.",DonnaAlexanderA,female,western,animals_wildlife,567,81,https://randomuser.me/api/portraits/women/60.jpg
content,caucasian,"Joe Patterson",JoePatterson,male,western,health_fitness,463,177,https://randomuser.me/api/portraits/men/34.jpg
content,caucasian,"Logan Stewart A.",LoganStewartA,male,western,education_career,582,147,https://randomuser.me/api/portraits/men/35.jpg
content,caucasian,"Danielle Murphy",DanielleMurphy,female,western,business_entrepreneurship,425,185,https://randomuser.me/api/portraits/women/61.jpg
content,caucasian,"Irene Simmons A.",IreneSimmonsA,female,western,sports,641,202,https://randomuser.me/api/portraits/women/62.jpg
content,caucasian,"Owen Morris",OwenMorris,male,western,science_technology,487,154,https://randomuser.me/api/portraits/men/36.jpg
content,caucasian,"Judy Long A.",JudyLongA,female,western,ai,661,295,https://randomuser.me/api/portraits/women/63.jpg
content,caucasian,"Mason Collins",MasonCollins,male,western,space,525,149,https://randomuser.me/api/portraits/men/37.jpg
content,caucasian,"Brandon Allen A.",BrandonAllenA,male,western,gadgets,438,87,https://randomuser.me/api/portraits/men/38.jpg
content,caucasian,"Zoe Green A.",ZoeGreenA,female,western,fashion_lifestyle,509,281,https://randomuser.me/api/portraits/women/64.jpg
content,caucasian,"Chloe King",ChloeKing,female,western,nature_environment,598,94,https://randomuser.me/api/portraits/women/65.jpg
content,caucasian,"Blake Morgan",BlakeMorgan,male,western,animals_wildlife,634,93,https://randomuser.me/api/portraits/men/39.jpg
content,caucasian,"Elizabeth Moore",ElizabethMoore,female,western,health_fitness,570,224,https://randomuser.me/api/portraits/women/66.jpg
content,caucasian,"Raymond Watson A.",RaymondWatsonA,male,western,education_career,495,252,https://randomuser.me/api/portraits/men/40.jpg
content,caucasian,"Jason Wright A.",JasonWrightA,male,western,business_entrepreneurship,559,96,https://randomuser.me/api/portraits/men/41.jpg
content,caucasian,"Dean Ellis A.",DeanEllisA,male,western,sports,515,253,https://randomuser.me/api/portraits/men/42.jpg
content,caucasian,"Blake Morgan A.",BlakeMorganA,male,western,science_technology,332,176,https://randomuser.me/api/portraits/men/43.jpg
content,caucasian,"Martin Gonzales",MartinGonzales,male,western,ai,480,254,https://randomuser.me/api/portraits/men/44.jpg
content,caucasian,"Betty Owens",BettyOwens,female,western,space,433,100,https://randomuser.me/api/portraits/women/67.jpg
content,caucasian,"Ralph Powell A.",RalphPowellA,male,western,gadgets,493,186,https://randomuser.me/api/portraits/men/45.jpg
content,caucasian,"Vanessa Reed A.",VanessaReedA,female,western,fashion_lifestyle,518,102,https://randomuser.me/api/portraits/women/68.jpg
content,caucasian,"Wanda West",WandaWest,female,western,nature_environment,445,201,https://randomuser.me/api/portraits/women/69.jpg
content,caucasian,"Brittany Lewis",BrittanyLewis,female,western,animals_wildlife,662,157,https://randomuser.me/api/portraits/women/70.jpg
content,caucasian,"Joyce Coleman",JoyceColeman,female,western,health_fitness,437,152,https://randomuser.me/api/portraits/women/71.jpg
content,caucasian,"Phyllis Ford A.",PhyllisFordA,female,western,education_career,341,175,https://randomuser.me/api/portraits/women/72.jpg
content,caucasian,"Lawrence Hughes A.",LawrenceHughesA,male,western,business_entrepreneurship,640,141,https://randomuser.me/api/portraits/men/46.jpg
content,caucasian,"Betty Owens A.",BettyOwensA,female,western,sports,352,295,https://randomuser.me/api/portraits/women/73.jpg
content,caucasian,"Gabriel Simmons",GabrielSimmons,male,western,science_technology,351,285,https://randomuser.me/api/portraits/men/47.jpg
content,caucasian,"Frances Ross A.",FrancesRossA,female,western,ai,552,292,https://randomuser.me/api/portraits/women/74.jpg
content,caucasian,"Emily Johnson",EmilyJohnson,female,western,space,596,118,https://randomuser.me/api/portraits/women/75.jpg
content,caucasian,"Christina Cook A.",ChristinaCookA,female,western,gadgets,355,94,https://randomuser.me/api/portraits/women/76.jpg
content,caucasian,"Trevor Murphy A.",TrevorMurphyA,male,western,fashion_lifestyle,597,82,https://randomuser.me/api/portraits/men/48.jpg
content,caucasian,"Christina Cook",ChristinaCook,female,western,nature_environment,478,162,https://randomuser.me/api/portraits/women/77.jpg
content,caucasian,"Rebecca Bailey",RebeccaBailey,female,western,animals_wildlife,599,85,https://randomuser.me/api/portraits/women/78.jpg
content,caucasian,"Megan White",MeganWhite,female,western,health_fitness,362,237,https://randomuser.me/api/portraits/women/79.jpg
content,caucasian,"Jane Griffin A.",JaneGriffinA,female,western,education_career,493,272,https://randomuser.me/api/portraits/women/80.jpg
content,caucasian,"Olivia Walker",OliviaWalker,female,western,business_entrepreneurship,365,185,https://randomuser.me/api/portraits/women/81.jpg
content,caucasian,"Harvey Woods",HarveyWoods,male,western,sports,516,245,https://randomuser.me/api/portraits/men/49.jpg
content,caucasian,"Bonnie Butler",BonnieButler,female,western,science_technology,449,241,https://randomuser.me/api/portraits/women/82.jpg
content,caucasian,"Cecil West",CecilWest,male,western,ai,442,279,https://randomuser.me/api/portraits/men/50.jpg
content,caucasian,"Andrea Peterson",AndreaPeterson,female,western,space,477,279,https://randomuser.me/api/portraits/women/83.jpg
content,caucasian,"Chase Bell",ChaseBell,male,western,gadgets,424,205,https://randomuser.me/api/portraits/men/51.jpg
content,caucasian,"Ian Evans A.",IanEvansA,male,western,fashion_lifestyle,662,235,https://randomuser.me/api/portraits/men/52.jpg
content,caucasian,"Wayne Jenkins",WayneJenkins,male,western,nature_environment,646,248,https://randomuser.me/api/portraits/men/53.jpg
content,caucasian,"Hannah Clark",HannahClark,female,western,animals_wildlife,657,299,https://randomuser.me/api/portraits/women/84.jpg
content,caucasian,"Rachel Harris A.",RachelHarrisA,female,western,health_fitness,388,216,https://randomuser.me/api/portraits/women/85.jpg
content,caucasian,"Wanda West A.",WandaWestA,female,western,education_career,352,263,https://randomuser.me/api/portraits/women/86.jpg
content,caucasian,"Dirk Owens A.",DirkOwensA,male,western,business_entrepreneurship,334,140,https://randomuser.me/api/portraits/men/54.jpg
content,caucasian,"Sarah Williams A.",SarahWilliamsA,female,western,sports,457,192,https://randomuser.me/api/portraits/women/87.jpg
content,caucasian,"Leo Diaz A.",LeoDiazA,male,western,science_technology,337,209,https://randomuser.me/api/portraits/men/55.jpg
content,caucasian,"Dylan Campbell",DylanCampbell,male,western,ai,572,204,https://randomuser.me/api/portraits/men/56.jpg
content,caucasian,"Michelle Rivera A.",MichelleRiveraA,female,western,space,627,153,https://randomuser.me/api/portraits/women/88.jpg
content,caucasian,"Tyler Hill A.",TylerHillA,male,western,gadgets,493,150,https://randomuser.me/api/portraits/men/57.jpg
content,caucasian,"Thomas Garcia",ThomasGarcia,male,western,fashion_lifestyle,585,177,https://randomuser.me/api/portraits/men/58.jpg
content,caucasian,"Annie Reynolds",AnnieReynolds,female,western,nature_environment,579,160,https://randomuser.me/api/portraits/women/89.jpg
content,caucasian,"Deborah Torres A.",DeborahTorresA,female,western,animals_wildlife,637,203,https://randomuser.me/api/portraits/women/90.jpg
content,caucasian,"Wayne Jenkins A.",WayneJenkinsA,male,western,health_fitness,637,283,https://randomuser.me/api/portraits/men/59.jpg
content,caucasian,"Elaine Fisher A.",ElaineFisherA,female,western,education_career,524,195,https://randomuser.me/api/portraits/women/91.jpg
content,caucasian,"Gavin Cook A.",GavinCookA,male,western,business_entrepreneurship,570,167,https://randomuser.me/api/portraits/men/60.jpg
content,caucasian,"Peggy Woods A.",PeggyWoodsA,female,western,sports,589,111,https://randomuser.me/api/portraits/women/92.jpg
content,caucasian,"Courtney Rogers",CourtneyRogers,female,western,science_technology,668,80,https://randomuser.me/api/portraits/women/93.jpg
content,caucasian,"Catherine Gonzales",CatherineGonzales,female,western,ai,540,172,https://randomuser.me/api/portraits/women/94.jpg
content,caucasian,"Ashley Brown",AshleyBrown,female,western,space,613,123,https://randomuser.me/api/portraits/women/95.jpg
content,caucasian,"Russell Price A.",RussellPriceA,male,western,gadgets,422,293,https://randomuser.me/api/portraits/men/61.jpg
content,caucasian,"Marie Jenkins",MarieJenkins,female,western,fashion_lifestyle,504,279,https://randomuser.me/api/portraits/women/96.jpg
content,caucasian,"Matthew Lewis",MatthewLewis,male,western,nature_environment,530,245,https://randomuser.me/api/portraits/men/62.jpg
content,caucasian,"Carl Wood",CarlWood,male,western,animals_wildlife,522,220,https://randomuser.me/api/portraits/men/63.jpg
content,caucasian,"Adam Baker",AdamBaker,male,western,health_fitness,443,195,https://randomuser.me/api/portraits/men/64.jpg
content,caucasian,"Daniel Clark A.",DanielClarkA,male,western,education_career,439,188,https://randomuser.me/api/portraits/men/65.jpg
content,caucasian,"Leo Diaz",LeoDiaz,male,western,business_entrepreneurship,480,187,https://randomuser.me/api/portraits/men/66.jpg
content,caucasian,"Caleb Parker A.",CalebParkerA,male,western,sports,453,118,https://randomuser.me/api/portraits/men/67.jpg
content,caucasian,"Victoria Perez A.",VictoriaPerezA,female,western,science_technology,521,287,https://randomuser.me/api/portraits/women/97.jpg
content,caucasian,"Billy Washington",BillyWashington,male,western,ai,644,149,https://randomuser.me/api/portraits/men/68.jpg
content,caucasian,"Brent Ward A.",BrentWardA,male,western,space,508,130,https://randomuser.me/api/portraits/men/69.jpg
content,caucasian,"Hannah Clark A.",HannahClarkA,female,western,gadgets,465,234,https://randomuser.me/api/portraits/women/98.jpg
content,caucasian,"Stephanie Taylor",StephanieTaylor,female,western,fashion_lifestyle,379,131,https://randomuser.me/api/portraits/women/99.jpg
content,caucasian,"William Anderson",WilliamAnderson,male,western,nature_environment,331,268,https://randomuser.me/api/portraits/men/70.jpg
content,caucasian,"Dustin Rivera",DustinRivera,male,western,animals_wildlife,472,144,https://randomuser.me/api/portraits/men/71.jpg
content,caucasian,"Jessica Davis",JessicaDavis,female,western,health_fitness,397,276,https://randomuser.me/api/portraits/women/100.jpg
content,caucasian,"Stanley Ford A.",StanleyFordA,male,western,education_career,658,197,https://randomuser.me/api/portraits/men/72.jpg
content,caucasian,"Lyle Jordan A.",LyleJordanA,male,western,business_entrepreneurship,637,85,https://randomuser.me/api/portraits/men/73.jpg
content,caucasian,"Johnny Perry A.",JohnnyPerryA,male,western,sports,585,81,https://randomuser.me/api/portraits/men/74.jpg
content,caucasian,"Kevin King",KevinKing,male,western,science_technology,546,223,https://randomuser.me/api/portraits/men/75.jpg
content,caucasian,"Rachel Harris",RachelHarris,female,western,ai,507,111,https://randomuser.me/api/portraits/women/101.jpg
content,caucasian,"Ernest Myers",ErnestMyers,male,western,space,496,264,https://randomuser.me/api/portraits/men/76.jpg
content,caucasian,"Keith Gray",KeithGray,male,western,gadgets,496,92,https://randomuser.me/api/portraits/men/77.jpg
content,caucasian,"Jean Powell",JeanPowell,female,western,fashion_lifestyle,388,183,https://randomuser.me/api/portraits/women/102.jpg
content,caucasian,"Natalie Mitchell",NatalieMitchell,female,western,nature_environment,649,269,https://randomuser.me/api/portraits/women/103.jpg
content,caucasian,"Justin Lopez",JustinLopez,male,western,animals_wildlife,437,233,https://randomuser.me/api/portraits/men/78.jpg
content,caucasian,"Vince Gibson",VinceGibson,male,western,health_fitness,408,121,https://randomuser.me/api/portraits/men/79.jpg
content,caucasian,"Clifford Hamilton A.",CliffordHamiltonA,male,western,education_career,567,193,https://randomuser.me/api/portraits/men/80.jpg
content,caucasian,"Irene Simmons",IreneSimmons,female,western,business_entrepreneurship,409,243,https://randomuser.me/api/portraits/women/104.jpg
content,caucasian,"Sandra Ramirez A.",SandraRamirezA,female,western,sports,621,118,https://randomuser.me/api/portraits/women/105.jpg
content,caucasian,"Marcus Richardson A.",MarcusRichardsonA,male,western,science_technology,429,211,https://randomuser.me/api/portraits/men/81.jpg
content,caucasian,"Patrick Carter",PatrickCarter,male,western,ai,633,168,https://randomuser.me/api/portraits/men/82.jpg
content,caucasian,"Roy Ross A.",RoyRossA,male,western,space,511,138,https://randomuser.me/api/portraits/men/83.jpg
content,caucasian,"Amanda Jones A.",AmandaJonesA,female,western,gadgets,338,159,https://randomuser.me/api/portraits/women/106.jpg
content,caucasian,"Cody Bailey A.",CodyBaileyA,male,western,fashion_lifestyle,332,135,https://randomuser.me/api/portraits/men/84.jpg
content,caucasian,"Thomas Garcia A.",ThomasGarciaA,male,western,nature_environment,551,80,https://randomuser.me/api/portraits/men/85.jpg
content,caucasian,"Dustin Rivera A.",DustinRiveraA,male,western,animals_wildlife,377,163,https://randomuser.me/api/portraits/men/86.jpg
content,caucasian,"Stanley Ford",StanleyFord,male,western,health_fitness,615,211,https://randomuser.me/api/portraits/men/87.jpg
content,caucasian,"Kathleen Gray A.",KathleenGrayA,female,western,education_career,349,135,https://randomuser.me/api/portraits/women/107.jpg
content,caucasian,"Diane James A.",DianeJamesA,female,western,business_entrepreneurship,489,270,https://randomuser.me/api/portraits/women/108.jpg
content,caucasian,"Caleb Parker",CalebParker,male,western,sports,623,189,https://randomuser.me/api/portraits/men/88.jpg
content,caucasian,"Jake Edwards A.",JakeEdwardsA,male,western,science_technology,566,186,https://randomuser.me/api/portraits/men/89.jpg
content,caucasian,"Cecil West A.",CecilWestA,male,western,ai,394,279,https://randomuser.me/api/portraits/men/90.jpg
content,caucasian,"Chloe King A.",ChloeKingA,female,western,space,505,172,https://randomuser.me/api/portraits/women/109.jpg
content,caucasian,"Bobby Flores",BobbyFlores,male,western,gadgets,581,187,https://randomuser.me/api/portraits/men/91.jpg
content,caucasian,"Dennis James",DennisJames,male,western,fashion_lifestyle,389,282,https://randomuser.me/api/portraits/men/92.jpg
content,caucasian,"Nathan Green A.",NathanGreenA,male,western,nature_environment,532,81,https://randomuser.me/api/portraits/men/93.jpg
content,caucasian,"Allen Bryant A.",AllenBryantA,male,western,animals_wildlife,467,130,https://randomuser.me/api/portraits/men/94.jpg
content,caucasian,"Pamela Bennett A.",PamelaBennettA,female,western,health_fitness,420,224,https://randomuser.me/api/portraits/women/110.jpg
content,caucasian,"Brandon Allen",BrandonAllen,male,western,education_career,452,232,https://randomuser.me/api/portraits/men/95.jpg
content,caucasian,"Janet Barnes",JanetBarnes,female,western,business_entrepreneurship,415,244,https://randomuser.me/api/portraits/women/111.jpg
content,caucasian,"Bruce Butler A.",BruceButlerA,male,western,sports,331,116,https://randomuser.me/api/portraits/men/96.jpg
content,caucasian,"Wade Sullivan",WadeSullivan,male,western,science_technology,458,83,https://randomuser.me/api/portraits/men/97.jpg
content,caucasian,"Angela Russell",AngelaRussell,female,western,ai,533,195,https://randomuser.me/api/portraits/women/112.jpg
content,caucasian,"Lillian Graham",LillianGraham,female,western,space,415,213,https://randomuser.me/api/portraits/women/113.jpg
content,caucasian,"Christine Hughes",ChristineHughes,female,western,gadgets,624,197,https://randomuser.me/api/portraits/women/114.jpg
content,caucasian,"Howard Bennett",HowardBennett,male,western,fashion_lifestyle,498,298,https://randomuser.me/api/portraits/men/98.jpg
content,caucasian,"Brian Nelson",BrianNelson,male,western,nature_environment,494,159,https://randomuser.me/api/portraits/men/99.jpg
content,caucasian,"Vincent Alexander",VincentAlexander,male,western,animals_wildlife,638,94,https://randomuser.me/api/portraits/men/100.jpg
content,caucasian,"Albert Long A.",AlbertLongA,male,western,health_fitness,472,218,https://randomuser.me/api/portraits/men/101.jpg
content,caucasian,"Taylor Parker",TaylorParker,female,western,education_career,496,133,https://randomuser.me/api/portraits/women/115.jpg
content,caucasian,"Lauren Jackson A.",LaurenJacksonA,female,western,business_entrepreneurship,642,199,https://randomuser.me/api/portraits/women/116.jpg
content,caucasian,"Tiffany Cooper A.",TiffanyCooperA,female,western,sports,331,222,https://randomuser.me/api/portraits/women/117.jpg
content,caucasian,"Spencer Harrison",SpencerHarrison,male,western,science_technology,407,205,https://randomuser.me/api/portraits/men/102.jpg
content,caucasian,"Abigail Carter A.",AbigailCarterA,female,western,ai,552,216,https://randomuser.me/api/portraits/women/118.jpg
content,caucasian,"Derek Cooper A.",DerekCooperA,male,western,space,565,288,https://randomuser.me/api/portraits/men/103.jpg
content,caucasian,"Joshua Hall",JoshuaHall,male,western,gadgets,583,131,https://randomuser.me/api/portraits/men/104.jpg
content,caucasian,"Billy Washington A.",BillyWashingtonA,male,western,fashion_lifestyle,386,291,https://randomuser.me/api/portraits/men/105.jpg
content,caucasian,"Roberta Ellis A.",RobertaEllisA,female,western,nature_environment,335,212,https://randomuser.me/api/portraits/women/119.jpg
content,caucasian,"Ian Evans",IanEvans,male,western,animals_wildlife,508,223,https://randomuser.me/api/portraits/men/106.jpg
content,caucasian,"Sean Mitchell A.",SeanMitchellA,male,western,health_fitness,535,278,https://randomuser.me/api/portraits/men/107.jpg
content,caucasian,"Dylan Campbell A.",DylanCampbellA,male,western,education_career,511,233,https://randomuser.me/api/portraits/men/108.jpg
content,caucasian,"Jessica Davis A.",JessicaDavisA,female,western,business_entrepreneurship,666,264,https://randomuser.me/api/portraits/women/120.jpg
content,nigerian,"Akin Oladapo",AkinOladapo,male,yoruba,nigeria_news,641,158,https://images.pexels.com/photos/19399318/pexels-photo-19399318.jpeg?auto=compress&cs=tinysrgb&h=350
content,nigerian,"Chukwuma Obioma A.",ChukwumaObiomaA,male,igbo,afrobeats_music,479,232,https://images.pexels.com/photos/9361265/pexels-photo-9361265.jpeg?auto=compress&cs=tinysrgb&h=350
content,nigerian,"Adeola Fashola A.",AdeolaFasholaA,female,yoruba,nollywood,488,220,https://images.pexels.com/photos/38528495/pexels-photo-38528495.jpeg?auto=compress&cs=tinysrgb&h=350
content,nigerian,"Chinasa Ezugo",ChinasaEzugo,female,igbo,football,344,81,https://images.pexels.com/photos/1820575/pexels-photo-1820575.jpeg?auto=compress&cs=tinysrgb&h=350
content,nigerian,"Titilayo Oyewole A.",TitilayoOyewoleA,female,yoruba,nigerian_food_culture,529,144,https://images.pexels.com/photos/2035489/pexels-photo-2035489.jpeg?auto=compress&cs=tinysrgb&h=350
content,nigerian,"Tochukwu Ezeani A.",TochukwuEzeaniA,male,igbo,african_tech,648,298,https://images.pexels.com/photos/5607335/pexels-photo-5607335.jpeg?auto=compress&cs=tinysrgb&h=350
content,nigerian,"Taiwo Ogunleye A.",TaiwoOgunleyeA,male,yoruba,controversial_trending,368,146,https://images.pexels.com/photos/5607322/pexels-photo-5607322.jpeg?auto=compress&cs=tinysrgb&h=350
content,nigerian,"Uchechi Anyanwu A.",UchechiAnyanwuA,female,igbo,nigeria_news,538,163,https://images.pexels.com/photos/5246081/pexels-photo-5246081.jpeg?auto=compress&cs=tinysrgb&h=350
content,nigerian,"Ayodele Fagbenle B.",AyodeleFagbenleB,male,yoruba,afrobeats_music,608,88,https://images.unsplash.com/photo-1635505602641-b066ea01902f?crop=entropy&cs=tinysrgb&fit=max&fm=jpg&ixid=M3wxMDM2NjU1fDB8MXxzZWFyY2h8NDN8fG5pZ2VyaWFuJTIwbWFuJTIwcG9ydHJhaXR8ZW58MHwyfHx8MTc4NzIyMzgxN3ww&ixlib=rb-4.1.0&q=80&w=400
content,nigerian,"Chukwuma Obioma",ChukwumaObioma,male,igbo,nollywood,575,238,https://images.unsplash.com/photo-1645395375692-502558949baa?crop=entropy&cs=tinysrgb&fit=max&fm=jpg&ixid=M3wxMDM2NjU1fDB8MXxzZWFyY2h8NDZ8fG5pZ2VyaWFuJTIwbWFuJTIwcG9ydHJhaXR8ZW58MHwyfHx8MTc4NzIyMzgxN3ww&ixlib=rb-4.1.0&q=80&w=400
content,nigerian,"Babatunde Fashola",BabatundeFashola,male,yoruba,football,562,156,https://images.pexels.com/photos/27787843/pexels-photo-27787843.jpeg?auto=compress&cs=tinysrgb&h=350
content,nigerian,"Chinedu Okoye",ChineduOkoye,male,igbo,nigerian_food_culture,540,160,https://images.pexels.com/photos/10156412/pexels-photo-10156412.jpeg?auto=compress&cs=tinysrgb&h=350
content,nigerian,"Ayodele Fagbenle",AyodeleFagbenle,male,yoruba,african_tech,559,81,https://images.pexels.com/photos/5514779/pexels-photo-5514779.jpeg?auto=compress&cs=tinysrgb&h=350
content,nigerian,"Oluchi Obioma",OluchiObioma,female,igbo,controversial_trending,657,251,https://images.pexels.com/photos/15028891/pexels-photo-15028891.jpeg?auto=compress&cs=tinysrgb&h=350
content,nigerian,"Bolaji Akinwale A.",BolajiAkinwaleA,male,yoruba,nigeria_news,356,239,https://images.pexels.com/photos/2033287/pexels-photo-2033287.jpeg?auto=compress&cs=tinysrgb&h=350
content,nigerian,"Nneka Nwankwo",NnekaNwankwo,female,igbo,afrobeats_music,412,225,https://images.pexels.com/photos/15571640/pexels-photo-15571640.jpeg?auto=compress&cs=tinysrgb&h=350
content,nigerian,"Oluwaseun Ojo A.",OluwaseunOjoA,male,yoruba,nollywood,450,147,https://images.pexels.com/photos/11650772/pexels-photo-11650772.jpeg?auto=compress&cs=tinysrgb&h=350
content,nigerian,"Ikenna Nwafor",IkennaNwafor,male,igbo,football,564,124,https://images.pexels.com/photos/34221797/pexels-photo-34221797.jpeg?auto=compress&cs=tinysrgb&h=350
content,nigerian,"Jide Ogunbiyi",JideOgunbiyi,male,yoruba,nigerian_food_culture,547,204,https://images.pexels.com/photos/36482484/pexels-photo-36482484.jpeg?auto=compress&cs=tinysrgb&h=350
content,nigerian,"Chukwudi Nwankwo",ChukwudiNwankwo,male,igbo,african_tech,332,166,https://images.pexels.com/photos/3905312/pexels-photo-3905312.jpeg?auto=compress&cs=tinysrgb&h=350
content,nigerian,"Sani Abdullahi",SaniAbdullahi,male,hausa,controversial_trending,429,296,https://images.pexels.com/photos/5282412/pexels-photo-5282412.jpeg?auto=compress&cs=tinysrgb&h=350
content,nigerian,"Grace Williams",GraceWilliams,female,english,nigeria_news,666,232,https://images.pexels.com/photos/38477715/pexels-photo-38477715.jpeg?auto=compress&cs=tinysrgb&h=350
content,nigerian,"Mohammed Adamu",MohammedAdamu,male,hausa,afrobeats_music,432,82,https://images.pexels.com/photos/19518397/pexels-photo-19518397.jpeg?auto=compress&cs=tinysrgb&h=350
content,nigerian,"Faith Anthony",FaithAnthony,female,english,nollywood,458,286,https://images.pexels.com/photos/38528500/pexels-photo-38528500.jpeg?auto=compress&cs=tinysrgb&h=350
content,nigerian,"Maryam Danjuma",MaryamDanjuma,female,hausa,football,342,287,https://images.pexels.com/photos/27917918/pexels-photo-27917918.jpeg?auto=compress&cs=tinysrgb&h=350
content,nigerian,"Sade Olatunji A.",SadeOlatunjiA,female,yoruba,nigerian_food_culture,575,245,https://images.pexels.com/photos/20219344/pexels-photo-20219344.jpeg?auto=compress&cs=tinysrgb&h=350
content,nigerian,"Somtochukwu Nwosu A.",SomtochukwuNwosuA,male,igbo,african_tech,448,221,https://images.pexels.com/photos/17605181/pexels-photo-17605181.jpeg?auto=compress&cs=tinysrgb&h=350
content,nigerian,"Gbolahan Adeleke",GbolahanAdeleke,male,yoruba,controversial_trending,454,157,https://images.pexels.com/photos/30720846/pexels-photo-30720846.jpeg?auto=compress&cs=tinysrgb&h=350
content,nigerian,"Ngozi Ezeani",NgoziEzeani,female,igbo,nigeria_news,332,245,https://images.pexels.com/photos/10850706/pexels-photo-10850706.jpeg?auto=compress&cs=tinysrgb&h=350
content,nigerian,"Simisola Adeleke A.",SimisolaAdelekeA,female,yoruba,afrobeats_music,595,143,https://images.unsplash.com/photo-1604247203891-ae01b7b2f1bb?crop=entropy&cs=tinysrgb&fit=max&fm=jpg&ixid=M3wxMDM2NjU1fDB8MXxzZWFyY2h8MTR8fG5pZ2VyaWFuJTIwd29tYW4lMjBwb3J0cmFpdHxlbnwwfDJ8fHwxNzg3MjIzODQ1fDA&ixlib=rb-4.1.0&q=80&w=400
content,nigerian,"Ifeoma Nwankwo",IfeomaNwankwo,female,igbo,nollywood,575,110,https://images.unsplash.com/photo-1631019683452-3fbc9349a4a2?crop=entropy&cs=tinysrgb&fit=max&fm=jpg&ixid=M3wxMDM2NjU1fDB8MXxzZWFyY2h8MzB8fG5pZ2VyaWFuJTIwd29tYW4lMjBwb3J0cmFpdHxlbnwwfDJ8fHwxNzg3MjIzODQ1fDA&ixlib=rb-4.1.0&q=80&w=400
content,nigerian,"Ronke Balogun A.",RonkeBalogunA,female,yoruba,football,554,236,https://images.pexels.com/photos/5152515/pexels-photo-5152515.jpeg?auto=compress&cs=tinysrgb&h=350
content,nigerian,"Chioma Okeke",ChiomaOkeke,female,igbo,nigerian_food_culture,434,241,https://images.unsplash.com/photo-1623852881187-a3790f3b29ae?crop=entropy&cs=tinysrgb&fit=max&fm=jpg&ixid=M3wxMDM2NjU1fDB8MXxzZWFyY2h8MzJ8fG5pZ2VyaWFuJTIwd29tYW4lMjBwb3J0cmFpdHxlbnwwfDJ8fHwxNzg3MjIzODQ2fDA&ixlib=rb-4.1.0&q=80&w=400
content,nigerian,"Segun Adeyinka B.",SegunAdeyinkaB,male,yoruba,african_tech,398,162,https://images.pexels.com/photos/1702804/pexels-photo-1702804.jpeg?auto=compress&cs=tinysrgb&h=350
content,nigerian,"Somtochukwu Nwosu",SomtochukwuNwosu,male,igbo,controversial_trending,521,284,https://images.pexels.com/photos/38987974/pexels-photo-38987974.jpeg?auto=compress&cs=tinysrgb&h=350
content,nigerian,"Dunni Oladipo A.",DunniOladipoA,female,yoruba,nigeria_news,463,161,https://images.pexels.com/photos/1368483/pexels-photo-1368483.jpeg?auto=compress&cs=tinysrgb&h=350
content,nigerian,"Nkechi Nnamdi A.",NkechiNnamdiA,female,igbo,afrobeats_music,664,137,https://images.unsplash.com/photo-1707676401203-632160806884?crop=entropy&cs=tinysrgb&fit=max&fm=jpg&ixid=M3wxMDM2NjU1fDB8MXxzZWFyY2h8NjB8fG5pZ2VyaWFuJTIwd29tYW4lMjBoZWFkc2hvdHxlbnwwfDJ8fHwxNzg3MjIzODQ5fDA&ixlib=rb-4.1.0&q=80&w=400
content,nigerian,"Yetunde Bankole B.",YetundeBankoleB,female,yoruba,nollywood,565,242,https://images.pexels.com/photos/6923415/pexels-photo-6923415.jpeg?auto=compress&cs=tinysrgb&h=350
content,nigerian,"Chibueze Nnamdi B.",ChibuezeNnamdiB,male,igbo,football,333,235,https://images.pexels.com/photos/30544173/pexels-photo-30544173.jpeg?auto=compress&cs=tinysrgb&h=350
content,nigerian,"Olumide Bankole",OlumideBankole,male,yoruba,nigerian_food_culture,648,173,https://images.pexels.com/photos/38180107/pexels-photo-38180107.jpeg?auto=compress&cs=tinysrgb&h=350
content,nigerian,"Tochukwu Ibe",TochukwuIbe,male,igbo,african_tech,650,236,https://images.pexels.com/photos/33735419/pexels-photo-33735419.jpeg?auto=compress&cs=tinysrgb&h=350
content,nigerian,"Kehinde Alabi",KehindeAlabi,male,yoruba,controversial_trending,585,182,https://images.pexels.com/photos/34550150/pexels-photo-34550150.jpeg?auto=compress&cs=tinysrgb&h=350
content,nigerian,"Echezona Nwankwo A.",EchezonaNwankwoA,male,igbo,nigeria_news,548,136,https://images.pexels.com/photos/27976681/pexels-photo-27976681.jpeg?auto=compress&cs=tinysrgb&h=350
content,nigerian,"Adeyemi Ogundele",AdeyemiOgundele,male,yoruba,afrobeats_music,449,80,https://images.pexels.com/photos/9808502/pexels-photo-9808502.jpeg?auto=compress&cs=tinysrgb&h=350
content,nigerian,"Ogechi Ibe",OgechiIbe,female,igbo,nollywood,586,225,https://images.pexels.com/photos/6497114/pexels-photo-6497114.jpeg?auto=compress&cs=tinysrgb&h=350
content,nigerian,"Aliyu Garba",AliyuGarba,male,hausa,football,427,221,https://images.pexels.com/photos/36424104/pexels-photo-36424104.jpeg?auto=compress&cs=tinysrgb&h=350
content,nigerian,"Victor Anthony",VictorAnthony,male,english,nigerian_food_culture,377,105,https://images.pexels.com/photos/31809999/pexels-photo-31809999.jpeg?auto=compress&cs=tinysrgb&h=350
content,nigerian,"Amina Sule",AminaSule,female,hausa,african_tech,571,141,https://images.pexels.com/photos/7665706/pexels-photo-7665706.jpeg?auto=compress&cs=tinysrgb&h=350
content,nigerian,"Richard Etim A.",RichardEtimA,male,english,controversial_trending,579,195,https://images.pexels.com/photos/33395544/pexels-photo-33395544.jpeg?auto=compress&cs=tinysrgb&h=350
content,nigerian,"Auwal Ibrahim",AuwalIbrahim,male,hausa,nigeria_news,457,263,https://images.pexels.com/photos/29233365/pexels-photo-29233365.jpeg?auto=compress&cs=tinysrgb&h=350
content,nigerian,"Yetunde Adeyemi A.",YetundeAdeyemiA,female,yoruba,afrobeats_music,645,207,https://images.pexels.com/photos/6180560/pexels-photo-6180560.jpeg?auto=compress&cs=tinysrgb&h=350
content,nigerian,"Adaugo Nwosu A.",AdaugoNwosuA,female,igbo,nollywood,456,82,https://images.pexels.com/photos/20439765/pexels-photo-20439765.jpeg?auto=compress&cs=tinysrgb&h=350
content,nigerian,"Toyin Akinola A.",ToyinAkinolaA,female,yoruba,football,418,228,https://images.pexels.com/photos/3058391/pexels-photo-3058391.jpeg?auto=compress&cs=tinysrgb&h=350
content,nigerian,"Chigozie Umeh A.",ChigozieUmehA,male,igbo,nigerian_food_culture,581,237,https://images.pexels.com/photos/35947489/pexels-photo-35947489.jpeg?auto=compress&cs=tinysrgb&h=350
content,nigerian,"Dayo Oladipo A.",DayoOladipoA,male,yoruba,african_tech,570,103,https://images.pexels.com/photos/30208144/pexels-photo-30208144.jpeg?auto=compress&cs=tinysrgb&h=350
content,nigerian,"Chukwuebuka Umeh A.",ChukwuebukaUmehA,male,igbo,controversial_trending,474,227,https://images.unsplash.com/photo-1714118657863-2843a622718b?crop=entropy&cs=tinysrgb&fit=max&fm=jpg&ixid=M3wxMDM2NjU1fDB8MXxzZWFyY2h8Nnx8cG9ydHJhaXQlMjBvZiUyMGFmcmljYW4lMjBtYW58ZW58MHwxfHx8MTc4NzIyNDIzNHww&ixlib=rb-4.1.0&q=80&w=400
content,nigerian,"Bolanle Ajayi",BolanleAjayi,female,yoruba,nigeria_news,571,114,https://images.pexels.com/photos/2035464/pexels-photo-2035464.jpeg?auto=compress&cs=tinysrgb&h=350
content,nigerian,"Chiazor Onyekwere",ChiazorOnyekwere,female,igbo,afrobeats_music,488,275,https://images.pexels.com/photos/10850674/pexels-photo-10850674.jpeg?auto=compress&cs=tinysrgb&h=350
content,nigerian,"Morenike Adenuga A.",MorenikeAdenugaA,female,yoruba,nollywood,417,146,https://images.pexels.com/photos/9741840/pexels-photo-9741840.jpeg?auto=compress&cs=tinysrgb&h=350
content,nigerian,"Chidi Okafor",ChidiOkafor,male,igbo,football,330,196,https://images.unsplash.com/photo-1783012039560-5690190a9b9b?crop=entropy&cs=tinysrgb&fit=max&fm=jpg&ixid=M3wxMDM2NjU1fDB8MXxzZWFyY2h8MzB8fHBvcnRyYWl0JTIwb2YlMjBhZnJpY2FuJTIwbWFufGVufDB8MXx8fDE3ODcyMjQyMzR8MA&ixlib=rb-4.1.0&q=80&w=400
content,nigerian,"Olumide Bankole A.",OlumideBankoleA,male,yoruba,nigerian_food_culture,553,217,https://images.pexels.com/photos/38907649/pexels-photo-38907649.jpeg?auto=compress&cs=tinysrgb&h=350
content,nigerian,"Kamsiyochukwu Okeke",KamsiyochukwuOkeke,male,igbo,african_tech,547,166,https://images.pexels.com/photos/39072208/pexels-photo-39072208.jpeg?auto=compress&cs=tinysrgb&h=350
content,nigerian,"Rotimi Adebayo A.",RotimiAdebayoA,male,yoruba,controversial_trending,368,93,https://images.pexels.com/photos/31563149/pexels-photo-31563149.jpeg?auto=compress&cs=tinysrgb&h=350
content,nigerian,"Kamsi Okpala",KamsiOkpala,female,igbo,nigeria_news,424,171,https://images.pexels.com/photos/38528494/pexels-photo-38528494.jpeg?auto=compress&cs=tinysrgb&h=350
content,nigerian,"Busola Oladapo",BusolaOladapo,female,yoruba,afrobeats_music,507,137,https://images.pexels.com/photos/13924894/pexels-photo-13924894.jpeg?auto=compress&cs=tinysrgb&h=350
content,nigerian,"Chukwudi Nwankwo A.",ChukwudiNwankwoA,male,igbo,nollywood,613,205,https://images.pexels.com/photos/31086538/pexels-photo-31086538.jpeg?auto=compress&cs=tinysrgb&h=350
content,nigerian,"Adeyemi Ogundele A.",AdeyemiOgundeleA,male,yoruba,football,525,155,https://images.pexels.com/photos/14717207/pexels-photo-14717207.jpeg?auto=compress&cs=tinysrgb&h=350
content,nigerian,"Ikechukwu Eze A.",IkechukwuEzeA,male,igbo,nigerian_food_culture,333,186,https://images.pexels.com/photos/39072272/pexels-photo-39072272.jpeg?auto=compress&cs=tinysrgb&h=350
content,nigerian,"Wale Adisa",WaleAdisa,male,yoruba,african_tech,559,113,https://images.pexels.com/photos/6322948/pexels-photo-6322948.jpeg?auto=compress&cs=tinysrgb&h=350
content,nigerian,"Chidi Okafor A.",ChidiOkaforA,male,igbo,controversial_trending,573,198,https://images.pexels.com/photos/5462612/pexels-photo-5462612.jpeg?auto=compress&cs=tinysrgb&h=350
content,nigerian,"Ibrahim Musa",IbrahimMusa,male,hausa,nigeria_news,366,243,https://images.pexels.com/photos/36669084/pexels-photo-36669084.jpeg?auto=compress&cs=tinysrgb&h=350
content,nigerian,"Gift Francis",GiftFrancis,female,english,afrobeats_music,557,225,https://images.pexels.com/photos/10807265/pexels-photo-10807265.jpeg?auto=compress&cs=tinysrgb&h=350
content,nigerian,"Lawal Shehu",LawalShehu,male,hausa,nollywood,383,191,https://images.pexels.com/photos/15929275/pexels-photo-15929275.jpeg?auto=compress&cs=tinysrgb&h=350
content,nigerian,"Peter Williams",PeterWilliams,male,english,football,631,300,https://images.pexels.com/photos/17517445/pexels-photo-17517445.jpeg?auto=compress&cs=tinysrgb&h=350
content,nigerian,"Nuhu Danjuma",NuhuDanjuma,male,hausa,nigerian_food_culture,433,99,https://images.pexels.com/photos/35225133/pexels-photo-35225133.jpeg?auto=compress&cs=tinysrgb&h=350
content,nigerian,"Ayodele Fagbenle A.",AyodeleFagbenleA,male,yoruba,african_tech,510,181,https://images.pexels.com/photos/12138083/pexels-photo-12138083.jpeg?auto=compress&cs=tinysrgb&h=350
content,nigerian,"Uchenna Onyekwere A.",UchennaOnyekwereA,male,igbo,controversial_trending,542,215,https://images.pexels.com/photos/32273821/pexels-photo-32273821.jpeg?auto=compress&cs=tinysrgb&h=350
content,nigerian,"Yetunde Bankole A.",YetundeBankoleA,female,yoruba,nigeria_news,463,295,https://images.pexels.com/photos/1457611/pexels-photo-1457611.jpeg?auto=compress&cs=tinysrgb&h=350
content,nigerian,"Emeka Nwachukwu",EmekaNwachukwu,male,igbo,afrobeats_music,350,116,https://images.pexels.com/photos/38396996/pexels-photo-38396996.jpeg?auto=compress&cs=tinysrgb&h=350
content,nigerian,"Lanre Olatunji",LanreOlatunji,male,yoruba,nollywood,470,273,https://images.pexels.com/photos/33649360/pexels-photo-33649360.jpeg?auto=compress&cs=tinysrgb&h=350
content,nigerian,"Oluchi Obioma A.",OluchiObiomaA,female,igbo,football,418,259,https://images.pexels.com/photos/5883921/pexels-photo-5883921.jpeg?auto=compress&cs=tinysrgb&h=350
content,nigerian,"Olusegun Adeleke A.",OlusegunAdelekeA,male,yoruba,nigerian_food_culture,524,269,https://images.pexels.com/photos/36999998/pexels-photo-36999998.jpeg?auto=compress&cs=tinysrgb&h=350
content,nigerian,"Chisom Nwafor",ChisomNwafor,female,igbo,african_tech,445,99,https://images.pexels.com/photos/1412237/pexels-photo-1412237.jpeg?auto=compress&cs=tinysrgb&h=350
content,nigerian,"Omolara Afolabi A.",OmolaraAfolabiA,female,yoruba,controversial_trending,493,159,https://images.pexels.com/photos/4103318/pexels-photo-4103318.jpeg?auto=compress&cs=tinysrgb&h=350
content,nigerian,"Chisom Nwafor A.",ChisomNwaforA,female,igbo,nigeria_news,381,207,https://images.pexels.com/photos/10807449/pexels-photo-10807449.jpeg?auto=compress&cs=tinysrgb&h=350
content,nigerian,"Sade Olatunji",SadeOlatunji,female,yoruba,afrobeats_music,512,180,https://images.pexels.com/photos/13856785/pexels-photo-13856785.jpeg?auto=compress&cs=tinysrgb&h=350
content,nigerian,"Chidera Okeke A.",ChideraOkekeA,female,igbo,nollywood,582,283,https://images.pexels.com/photos/10850673/pexels-photo-10850673.jpeg?auto=compress&cs=tinysrgb&h=350
content,nigerian,"Ronke Balogun",RonkeBalogun,female,yoruba,football,554,144,https://images.pexels.com/photos/6546673/pexels-photo-6546673.jpeg?auto=compress&cs=tinysrgb&h=350
content,nigerian,"Ikenna Nwafor A.",IkennaNwaforA,male,igbo,nigerian_food_culture,501,178,https://images.unsplash.com/photo-1512372923090-7b14fb496d44?crop=entropy&cs=tinysrgb&fit=max&fm=jpg&ixid=M3wxMDM2NjU1fDB8MXxzZWFyY2h8NTN8fHBvcnRyYWl0JTIwb2YlMjBhZnJpY2FuJTIwbWFufGVufDB8MXx8fDE3ODcyMjQyMzV8MA&ixlib=rb-4.1.0&q=80&w=400
content,nigerian,"Kunle Adeyemi A.",KunleAdeyemiA,male,yoruba,african_tech,669,204,https://images.unsplash.com/photo-1783012032551-0679d4899b51?crop=entropy&cs=tinysrgb&fit=max&fm=jpg&ixid=M3wxMDM2NjU1fDB8MXxzZWFyY2h8NTV8fHBvcnRyYWl0JTIwb2YlMjBhZnJpY2FuJTIwbWFufGVufDB8MXx8fDE3ODcyMjQyMzV8MA&ixlib=rb-4.1.0&q=80&w=400
content,nigerian,"Kelechi Okonkwo",KelechiOkonkwo,male,igbo,controversial_trending,359,240,https://images.pexels.com/photos/20513318/pexels-photo-20513318.jpeg?auto=compress&cs=tinysrgb&h=350
content,nigerian,"Yewande Adesina",YewandeAdesina,female,yoruba,nigeria_news,486,90,https://images.pexels.com/photos/14538746/pexels-photo-14538746.jpeg?auto=compress&cs=tinysrgb&h=350
content,nigerian,"Amarachi Obi A.",AmarachiObiA,female,igbo,afrobeats_music,538,277,https://images.pexels.com/photos/18660551/pexels-photo-18660551.jpeg?auto=compress&cs=tinysrgb&h=350
content,nigerian,"Kemi Fagbenle",KemiFagbenle,female,yoruba,nollywood,663,170,https://images.pexels.com/photos/2045035/pexels-photo-2045035.jpeg?auto=compress&cs=tinysrgb&h=350
content,nigerian,"Chibueze Nnamdi A.",ChibuezeNnamdiA,male,igbo,football,385,235,https://images.pexels.com/photos/16714321/pexels-photo-16714321.jpeg?auto=compress&cs=tinysrgb&h=350
content,nigerian,"Rabi Musa",RabiMusa,female,hausa,nigerian_food_culture,628,226,https://images.unsplash.com/photo-1624567644499-c9df255d150b?crop=entropy&cs=tinysrgb&fit=max&fm=jpg&ixid=M3wxMDM2NjU1fDB8MXxzZWFyY2h8Nnx8YmxhY2slMjBhZnJpY2FuJTIwd29tYW4lMjBmYWNlfGVufDB8Mnx8fDE3ODcyMjM4NjV8MA&ixlib=rb-4.1.0&q=80&w=400
content,nigerian,"Patience Edwards",PatienceEdwards,female,english,african_tech,607,128,https://images.pexels.com/photos/12122207/pexels-photo-12122207.jpeg?auto=compress&cs=tinysrgb&h=350
content,nigerian,"Safiya Lawal",SafiyaLawal,female,hausa,controversial_trending,623,156,https://images.pexels.com/photos/37453026/pexels-photo-37453026.jpeg?auto=compress&cs=tinysrgb&h=350
content,nigerian,"Richard Etim",RichardEtim,male,english,nigeria_news,359,101,https://images.pexels.com/photos/35730557/pexels-photo-35730557.jpeg?auto=compress&cs=tinysrgb&h=350
content,nigerian,"Fatima Abubakar",FatimaAbubakar,female,hausa,afrobeats_music,453,217,https://images.pexels.com/photos/37864855/pexels-photo-37864855.jpeg?auto=compress&cs=tinysrgb&h=350
content,nigerian,"Bolanle Ajayi A.",BolanleAjayiA,female,yoruba,nollywood,526,161,https://images.pexels.com/photos/35364074/pexels-photo-35364074.jpeg?auto=compress&cs=tinysrgb&h=350
content,nigerian,"Echezona Nwankwo",EchezonaNwankwo,male,igbo,football,484,141,https://images.pexels.com/photos/17539169/pexels-photo-17539169.jpeg?auto=compress&cs=tinysrgb&h=350
content,nigerian,"Anjola Aluko A.",AnjolaAlukoA,female,yoruba,nigerian_food_culture,644,300,https://images.pexels.com/photos/36845523/pexels-photo-36845523.jpeg?auto=compress&cs=tinysrgb&h=350
content,nigerian,"Nnamdi Achebe A.",NnamdiAchebeA,male,igbo,african_tech,430,87,https://images.pexels.com/photos/13568606/pexels-photo-13568606.jpeg?auto=compress&cs=tinysrgb&h=350
content,nigerian,"Jide Ogunbiyi A.",JideOgunbiyiA,male,yoruba,controversial_trending,481,180,https://images.pexels.com/photos/33624991/pexels-photo-33624991.jpeg?auto=compress&cs=tinysrgb&h=350
content,nigerian,"Chukwuemeka Obi A.",ChukwuemekaObiA,male,igbo,nigeria_news,522,124,https://images.pexels.com/photos/3316263/pexels-photo-3316263.jpeg?auto=compress&cs=tinysrgb&h=350
content,nigerian,"Motunrayo Salami A.",MotunrayoSalamiA,female,yoruba,afrobeats_music,577,180,https://images.pexels.com/photos/38400973/pexels-photo-38400973.jpeg?auto=compress&cs=tinysrgb&h=350
content,nigerian,"Chiazor Onyekwere A.",ChiazorOnyekwereA,female,igbo,nollywood,346,93,https://images.pexels.com/photos/38250931/pexels-photo-38250931.jpeg?auto=compress&cs=tinysrgb&h=350
content,nigerian,"Idowu Salami A.",IdowuSalamiA,male,yoruba,football,633,128,https://images.pexels.com/photos/35020969/pexels-photo-35020969.jpeg?auto=compress&cs=tinysrgb&h=350
content,nigerian,"Ogechi Achebe A.",OgechiAchebeA,female,igbo,nigerian_food_culture,469,95,https://images.pexels.com/photos/32463149/pexels-photo-32463149.jpeg?auto=compress&cs=tinysrgb&h=350
content,nigerian,"Biodun Ajayi A.",BiodunAjayiA,male,yoruba,african_tech,569,217,https://images.pexels.com/photos/37038752/pexels-photo-37038752.jpeg?auto=compress&cs=tinysrgb&h=350
content,nigerian,"Ugochukwu Anyanwu A.",UgochukwuAnyanwuA,male,igbo,controversial_trending,555,211,https://images.pexels.com/photos/5098631/pexels-photo-5098631.jpeg?auto=compress&cs=tinysrgb&h=350
content,nigerian,"Aduke Oyelaran",AdukeOyelaran,female,yoruba,nigeria_news,405,187,https://images.pexels.com/photos/10226305/pexels-photo-10226305.jpeg?auto=compress&cs=tinysrgb&h=350
content,nigerian,"Chijioke Eke A.",ChijiokeEkeA,male,igbo,afrobeats_music,448,109,https://images.pexels.com/photos/33636670/pexels-photo-33636670.jpeg?auto=compress&cs=tinysrgb&h=350
content,nigerian,"Ifeoluwa Adekunle",IfeoluwaAdekunle,female,yoruba,nollywood,362,258,https://images.pexels.com/photos/4704431/pexels-photo-4704431.jpeg?auto=compress&cs=tinysrgb&h=350
content,nigerian,"Chiamaka Nwosu A.",ChiamakaNwosuA,female,igbo,football,542,119,https://images.pexels.com/photos/37864840/pexels-photo-37864840.jpeg?auto=compress&cs=tinysrgb&h=350
content,nigerian,"Gbenga Adekunle A.",GbengaAdekunleA,male,yoruba,nigerian_food_culture,455,205,https://images.pexels.com/photos/31129870/pexels-photo-31129870.jpeg?auto=compress&cs=tinysrgb&h=350
content,nigerian,"Ifeanyi Uzoma",IfeanyiUzoma,male,igbo,african_tech,424,156,https://images.pexels.com/photos/20155330/pexels-photo-20155330.jpeg?auto=compress&cs=tinysrgb&h=350
content,nigerian,"Oluwaseun Ojo",OluwaseunOjo,male,yoruba,controversial_trending,670,283,https://images.pexels.com/photos/38108355/pexels-photo-38108355.jpeg?auto=compress&cs=tinysrgb&h=350
content,nigerian,"Ikemefuna Ibe A.",IkemefunaIbeA,male,igbo,nigeria_news,341,283,https://images.pexels.com/photos/36053652/pexels-photo-36053652.jpeg?auto=compress&cs=tinysrgb&h=350
content,nigerian,"Halima Aliyu",HalimaAliyu,female,hausa,afrobeats_music,484,163,https://images.pexels.com/photos/10476512/pexels-photo-10476512.jpeg?auto=compress&cs=tinysrgb&h=350
content,nigerian,"Blessing Brown",BlessingBrown,female,english,nollywood,398,92,https://images.pexels.com/photos/29716428/pexels-photo-29716428.jpeg?auto=compress&cs=tinysrgb&h=350
content,nigerian,"Bashir Yakubu",BashirYakubu,male,hausa,football,484,177,https://images.pexels.com/photos/7266068/pexels-photo-7266068.jpeg?auto=compress&cs=tinysrgb&h=350
content,nigerian,"Michael Brown",MichaelBrown,male,english,nigerian_food_culture,350,214,https://images.pexels.com/photos/12311537/pexels-photo-12311537.jpeg?auto=compress&cs=tinysrgb&h=350
content,nigerian,"Tanko Suleiman",TankoSuleiman,male,hausa,african_tech,404,245,https://images.pexels.com/photos/13098503/pexels-photo-13098503.jpeg?auto=compress&cs=tinysrgb&h=350
content,nigerian,"Damilola Adebayo B.",DamilolaAdebayoB,female,yoruba,controversial_trending,353,238,https://images.pexels.com/photos/38180101/pexels-photo-38180101.jpeg?auto=compress&cs=tinysrgb&h=350
content,nigerian,"Nonso Ezeani",NonsoEzeani,male,igbo,nigeria_news,542,193,https://images.pexels.com/photos/12311544/pexels-photo-12311544.jpeg?auto=compress&cs=tinysrgb&h=350
content,nigerian,"Peju Alabi",PejuAlabi,female,yoruba,afrobeats_music,532,109,https://images.pexels.com/photos/38492738/pexels-photo-38492738.jpeg?auto=compress&cs=tinysrgb&h=350
content,nigerian,"Onyinye Umeh",OnyinyeUmeh,female,igbo,nollywood,496,145,https://images.pexels.com/photos/34205472/pexels-photo-34205472.jpeg?auto=compress&cs=tinysrgb&h=350
content,nigerian,"Tunde Balogun A.",TundeBalogunA,male,yoruba,football,375,121,https://images.pexels.com/photos/10699844/pexels-photo-10699844.jpeg?auto=compress&cs=tinysrgb&h=350
content,nigerian,"Chukwuebuka Umeh",ChukwuebukaUmeh,male,igbo,nigerian_food_culture,605,195,https://images.pexels.com/photos/12311581/pexels-photo-12311581.jpeg?auto=compress&cs=tinysrgb&h=350
content,nigerian,"Oluwatoyin Ajayi A.",OluwatoyinAjayiA,female,yoruba,african_tech,391,239,https://images.pexels.com/photos/30993391/pexels-photo-30993391.jpeg?auto=compress&cs=tinysrgb&h=350
content,nigerian,"Tochukwu Ezeani",TochukwuEzeani,male,igbo,controversial_trending,524,287,https://images.pexels.com/photos/15691199/pexels-photo-15691199.png?auto=compress&cs=tinysrgb&h=350
content,nigerian,"Bisi Ogunleye A.",BisiOgunleyeA,female,yoruba,nigeria_news,448,157,https://images.pexels.com/photos/39093553/pexels-photo-39093553.jpeg?auto=compress&cs=tinysrgb&h=350
content,nigerian,"Chinedu Okoye A.",ChineduOkoyeA,male,igbo,afrobeats_music,643,138,https://images.pexels.com/photos/31454886/pexels-photo-31454886.jpeg?auto=compress&cs=tinysrgb&h=350
content,nigerian,"Segun Adeyinka",SegunAdeyinka,male,yoruba,nollywood,643,283,https://images.pexels.com/photos/6144038/pexels-photo-6144038.jpeg?auto=compress&cs=tinysrgb&h=350
content,nigerian,"Amarachi Okoro A.",AmarachiOkoroA,female,igbo,football,458,131,https://images.pexels.com/photos/30912652/pexels-photo-30912652.jpeg?auto=compress&cs=tinysrgb&h=350
content,nigerian,"Babatunde Fashola A.",BabatundeFasholaA,male,yoruba,nigerian_food_culture,349,153,https://images.pexels.com/photos/31959447/pexels-photo-31959447.png?auto=compress&cs=tinysrgb&h=350
content,nigerian,"Ngozi Ezeani A.",NgoziEzeaniA,female,igbo,african_tech,480,181,https://images.pexels.com/photos/29544144/pexels-photo-29544144.jpeg?auto=compress&cs=tinysrgb&h=350
content,nigerian,"Yemi Aluko",YemiAluko,male,yoruba,controversial_trending,537,277,https://images.pexels.com/photos/14211037/pexels-photo-14211037.jpeg?auto=compress&cs=tinysrgb&h=350
content,nigerian,"Amaka Eke B.",AmakaEkeB,female,igbo,nigeria_news,585,287,https://images.pexels.com/photos/39093541/pexels-photo-39093541.jpeg?auto=compress&cs=tinysrgb&h=350
content,nigerian,"Dayo Oladipo",DayoOladipo,male,yoruba,afrobeats_music,574,220,https://images.pexels.com/photos/4598846/pexels-photo-4598846.jpeg?auto=compress&cs=tinysrgb&h=350
content,nigerian,"Lotanna Okpala A.",LotannaOkpalaA,male,igbo,nollywood,505,92,https://images.pexels.com/photos/10699842/pexels-photo-10699842.jpeg?auto=compress&cs=tinysrgb&h=350
content,nigerian,"Abisola Adisa",AbisolaAdisa,female,yoruba,football,375,137,https://images.pexels.com/photos/39093537/pexels-photo-39093537.jpeg?auto=compress&cs=tinysrgb&h=350
content,nigerian,"Adaeze Nwafor A.",AdaezeNwaforA,female,igbo,nigerian_food_culture,431,154,https://images.pexels.com/photos/34107697/pexels-photo-34107697.jpeg?auto=compress&cs=tinysrgb&h=350
content,nigerian,"Zainab Umar",ZainabUmar,female,hausa,african_tech,394,281,https://images.pexels.com/photos/34164168/pexels-photo-34164168.jpeg?auto=compress&cs=tinysrgb&h=350
content,nigerian,"Precious Etim A.",PreciousEtimA,female,english,controversial_trending,507,227,https://images.pexels.com/photos/14637328/pexels-photo-14637328.jpeg?auto=compress&cs=tinysrgb&h=350
content,nigerian,"Abubakar Sani",AbubakarSani,male,hausa,nigeria_news,575,273,https://images.pexels.com/photos/19379640/pexels-photo-19379640.jpeg?auto=compress&cs=tinysrgb&h=350
content,nigerian,"Peace Daniels",PeaceDaniels,female,english,afrobeats_music,650,192,https://images.pexels.com/photos/16516724/pexels-photo-16516724.jpeg?auto=compress&cs=tinysrgb&h=350
content,nigerian,"Hadiza Shehu",HadizaShehu,female,hausa,nollywood,449,89,https://images.pexels.com/photos/35811585/pexels-photo-35811585.jpeg?auto=compress&cs=tinysrgb&h=350
content,nigerian,"Eniola Ogunbiyi A.",EniolaOgunbiyiA,female,yoruba,football,420,194,https://images.pexels.com/photos/9948750/pexels-photo-9948750.jpeg?auto=compress&cs=tinysrgb&h=350
content,nigerian,"Ikemefuna Ibe",IkemefunaIbe,male,igbo,nigerian_food_culture,644,270,https://images.pexels.com/photos/10699843/pexels-photo-10699843.jpeg?auto=compress&cs=tinysrgb&h=350
content,nigerian,"Kemi Fagbenle A.",KemiFagbenleA,female,yoruba,african_tech,409,273,https://images.pexels.com/photos/39054376/pexels-photo-39054376.jpeg?auto=compress&cs=tinysrgb&h=350
content,nigerian,"Chiamaka Nwosu",ChiamakaNwosu,female,igbo,controversial_trending,443,130,https://images.pexels.com/photos/36134322/pexels-photo-36134322.jpeg?auto=compress&cs=tinysrgb&h=350
content,nigerian,"Adebayo Ajayi A.",AdebayoAjayiA,male,yoruba,nigeria_news,486,291,https://images.unsplash.com/photo-1709004915887-6e5dfa3032b0?crop=entropy&cs=tinysrgb&fit=max&fm=jpg&ixid=M3wxMDM2NjU1fDB8MXxzZWFyY2h8NDN8fHN0dWRpbyUyMGhlYWRzaG90JTIwYWZyaWNhbiUyMG1hbnxlbnwwfDF8fHwxNzg3MjI0MjM4fDA&ixlib=rb-4.1.0&q=80&w=400
content,nigerian,"Ijeoma Okoro A.",IjeomaOkoroA,female,igbo,afrobeats_music,634,254,https://images.pexels.com/photos/37439131/pexels-photo-37439131.jpeg?auto=compress&cs=tinysrgb&h=350
content,nigerian,"Tope Adesina A.",TopeAdesinaA,male,yoruba,nollywood,650,249,https://images.unsplash.com/photo-1735317146081-f8671e25855c?crop=entropy&cs=tinysrgb&fit=max&fm=jpg&ixid=M3wxMDM2NjU1fDB8MXxzZWFyY2h8NTh8fHN0dWRpbyUyMGhlYWRzaG90JTIwYWZyaWNhbiUyMG1hbnxlbnwwfDF8fHwxNzg3MjI0MjM4fDA&ixlib=rb-4.1.0&q=80&w=400
content,nigerian,"Ikenna Okeke A.",IkennaOkekeA,male,igbo,football,546,229,https://images.unsplash.com/photo-1757773863806-90d59d18b59a?crop=entropy&cs=tinysrgb&fit=max&fm=jpg&ixid=M3wxMDM2NjU1fDB8MXxzZWFyY2h8NTl8fHN0dWRpbyUyMGhlYWRzaG90JTIwYWZyaWNhbiUyMG1hbnxlbnwwfDF8fHwxNzg3MjI0MjM4fDA&ixlib=rb-4.1.0&q=80&w=400
content,nigerian,"Tope Adesina",TopeAdesina,male,yoruba,nigerian_food_culture,349,200,https://images.pexels.com/photos/12311559/pexels-photo-12311559.jpeg?auto=compress&cs=tinysrgb&h=350
content,nigerian,"Chinasa Ezugo B.",ChinasaEzugoB,female,igbo,african_tech,418,225,https://images.pexels.com/photos/38272154/pexels-photo-38272154.jpeg?auto=compress&cs=tinysrgb&h=350
content,nigerian,"Folake Adeleke A.",FolakeAdelekeA,female,yoruba,controversial_trending,445,112,https://images.pexels.com/photos/5021626/pexels-photo-5021626.jpeg?auto=compress&cs=tinysrgb&h=350
content,nigerian,"Kamsi Okpala A.",KamsiOkpalaA,female,igbo,nigeria_news,640,180,https://images.pexels.com/photos/34942213/pexels-photo-34942213.jpeg?auto=compress&cs=tinysrgb&h=350
content,nigerian,"Temitope Adeyinka",TemitopeAdeyinka,female,yoruba,afrobeats_music,557,184,https://images.pexels.com/photos/30696989/pexels-photo-30696989.jpeg?auto=compress&cs=tinysrgb&h=350
content,nigerian,"Amaka Eke A.",AmakaEkeA,female,igbo,nollywood,628,114,https://images.pexels.com/photos/39059399/pexels-photo-39059399.jpeg?auto=compress&cs=tinysrgb&h=350
content,nigerian,"Gbenga Adekunle",GbengaAdekunle,male,yoruba,football,502,103,https://images.pexels.com/photos/18457125/pexels-photo-18457125.jpeg?auto=compress&cs=tinysrgb&h=350
content,nigerian,"Nonso Ezeani B.",NonsoEzeaniB,male,igbo,nigerian_food_culture,345,230,https://images.pexels.com/photos/2650090/pexels-photo-2650090.jpeg?auto=compress&cs=tinysrgb&h=350
content,nigerian,"Peju Alabi A.",PejuAlabiA,female,yoruba,african_tech,506,183,https://images.pexels.com/photos/30304256/pexels-photo-30304256.jpeg?auto=compress&cs=tinysrgb&h=350
content,nigerian,"Amaka Eke",AmakaEke,female,igbo,controversial_trending,623,226,https://images.pexels.com/photos/39054422/pexels-photo-39054422.jpeg?auto=compress&cs=tinysrgb&h=350
content,nigerian,"Adewale Adenuga",AdewaleAdenuga,male,yoruba,nigeria_news,629,230,https://images.pexels.com/photos/33844626/pexels-photo-33844626.jpeg?auto=compress&cs=tinysrgb&h=350
content,nigerian,"Amarachi Obi",AmarachiObi,female,igbo,afrobeats_music,408,245,https://images.pexels.com/photos/25752048/pexels-photo-25752048.jpeg?auto=compress&cs=tinysrgb&h=350
engagement,caucasian,"Bradley Sanders A.",BradleySandersA,male,western,,453,174,https://randomuser.me/api/portraits/men/109.jpg
engagement,caucasian,"Marshall Murray",MarshallMurray,male,western,,351,206,https://randomuser.me/api/portraits/men/110.jpg
engagement,caucasian,"Tiffany Cooper",TiffanyCooper,female,western,,544,134,https://randomuser.me/api/portraits/women/121.jpg
engagement,caucasian,"Martin Gonzales A.",MartinGonzalesA,male,western,,413,225,https://randomuser.me/api/portraits/men/111.jpg
engagement,caucasian,"Carol Sanders",CarolSanders,female,western,,514,295,https://randomuser.me/api/portraits/women/122.jpg
engagement,caucasian,"Cody Bailey",CodyBailey,male,western,,550,161,https://randomuser.me/api/portraits/men/112.jpg
engagement,caucasian,"Christine Hughes A.",ChristineHughesA,female,western,,523,239,https://randomuser.me/api/portraits/women/123.jpg
engagement,caucasian,"Adam Baker A.",AdamBakerA,male,western,,541,214,https://randomuser.me/api/portraits/men/113.jpg
engagement,caucasian,"Sara Bell A.",SaraBellA,female,western,,651,238,https://randomuser.me/api/portraits/women/124.jpg
engagement,caucasian,"Johnny Perry",JohnnyPerry,male,western,,410,217,https://randomuser.me/api/portraits/men/114.jpg
engagement,caucasian,"Clarence Foster",ClarenceFoster,male,western,,656,300,https://randomuser.me/api/portraits/men/115.jpg
engagement,caucasian,"Gloria Flores A.",GloriaFloresA,female,western,,533,186,https://randomuser.me/api/portraits/women/125.jpg
engagement,caucasian,"Tammy Bryant A.",TammyBryantA,female,western,,551,200,https://randomuser.me/api/portraits/women/126.jpg
engagement,caucasian,"Amber Stewart A.",AmberStewartA,female,western,,635,117,https://randomuser.me/api/portraits/women/127.jpg
engagement,caucasian,"Frances Ross",FrancesRoss,female,western,,566,161,https://randomuser.me/api/portraits/women/128.jpg
engagement,caucasian,"Robert Wilson",RobertWilson,male,western,,614,188,https://randomuser.me/api/portraits/men/116.jpg
engagement,caucasian,"Nicole Martin",NicoleMartin,female,western,,476,260,https://randomuser.me/api/portraits/women/129.jpg
engagement,caucasian,"Vanessa Reed",VanessaReed,female,western,,524,141,https://randomuser.me/api/portraits/women/130.jpg
engagement,caucasian,"Hunter Reed",HunterReed,male,western,,414,233,https://randomuser.me/api/portraits/men/117.jpg
engagement,caucasian,"Owen Morris A.",OwenMorrisA,male,western,,554,91,https://randomuser.me/api/portraits/men/118.jpg
engagement,caucasian,"Marie Jenkins A.",MarieJenkinsA,female,western,,662,114,https://randomuser.me/api/portraits/women/131.jpg
engagement,caucasian,"Shane Cox A.",ShaneCoxA,male,western,,455,165,https://randomuser.me/api/portraits/men/119.jpg
engagement,caucasian,"Morgan Campbell A.",MorganCampbellA,female,western,,575,285,https://randomuser.me/api/portraits/women/132.jpg
engagement,caucasian,"Richard Martinez",RichardMartinez,male,western,,537,229,https://randomuser.me/api/portraits/men/120.jpg
engagement,caucasian,"Terry Russell",TerryRussell,male,western,,574,103,https://randomuser.me/api/portraits/men/121.jpg
engagement,caucasian,"Andrew Walker A.",AndrewWalkerA,male,western,,542,97,https://randomuser.me/api/portraits/men/122.jpg
engagement,caucasian,"Joyce Coleman A.",JoyceColemanA,female,western,,670,279,https://randomuser.me/api/portraits/women/133.jpg
engagement,caucasian,"Dean Ellis",DeanEllis,male,western,,494,260,https://randomuser.me/api/portraits/men/123.jpg
engagement,caucasian,"Hunter Reed A.",HunterReedA,male,western,,516,240,https://randomuser.me/api/portraits/men/124.jpg
engagement,caucasian,"Laura Cox A.",LauraCoxA,female,western,,387,115,https://randomuser.me/api/portraits/women/134.jpg
engagement,caucasian,"Jesse Ramirez",JesseRamirez,male,western,,456,255,https://randomuser.me/api/portraits/men/125.jpg
engagement,caucasian,"Amy Ward A.",AmyWardA,female,western,,496,150,https://randomuser.me/api/portraits/women/135.jpg
engagement,caucasian,"Neil Fisher A.",NeilFisherA,male,western,,607,189,https://randomuser.me/api/portraits/men/126.jpg
engagement,caucasian,"Gabriel Simmons A.",GabrielSimmonsA,male,western,,425,99,https://randomuser.me/api/portraits/men/127.jpg
engagement,caucasian,"Raymond Watson",RaymondWatson,male,western,,567,111,https://randomuser.me/api/portraits/men/128.jpg
engagement,caucasian,"Gordon Reynolds A.",GordonReynoldsA,male,western,,347,134,https://randomuser.me/api/portraits/men/129.jpg
engagement,caucasian,"Diane James",DianeJames,female,western,,383,288,https://randomuser.me/api/portraits/women/136.jpg
engagement,caucasian,"Ralph Powell",RalphPowell,male,western,,462,107,https://randomuser.me/api/portraits/men/130.jpg
engagement,caucasian,"Roy Ross",RoyRoss,male,western,,647,277,https://randomuser.me/api/portraits/men/131.jpg
engagement,caucasian,"Neil Fisher",NeilFisher,male,western,,560,298,https://randomuser.me/api/portraits/men/132.jpg
engagement,caucasian,"Gavin Cook",GavinCook,male,western,,366,254,https://randomuser.me/api/portraits/men/133.jpg
engagement,caucasian,"Bruce Butler",BruceButler,male,western,,356,148,https://randomuser.me/api/portraits/men/134.jpg
engagement,caucasian,"Haley Sanchez",HaleySanchez,female,western,,637,154,https://randomuser.me/api/portraits/women/137.jpg
engagement,caucasian,"Grace Wright",GraceWright,female,western,,608,150,https://randomuser.me/api/portraits/women/138.jpg
engagement,caucasian,"Michelle Rivera",MichelleRivera,female,western,,577,177,https://randomuser.me/api/portraits/women/139.jpg
engagement,caucasian,"Luke Phillips",LukePhillips,male,western,,384,104,https://randomuser.me/api/portraits/men/135.jpg
engagement,caucasian,"Todd Kelly",ToddKelly,male,western,,600,282,https://randomuser.me/api/portraits/men/136.jpg
engagement,caucasian,"Todd Kelly A.",ToddKellyA,male,western,,439,103,https://randomuser.me/api/portraits/men/137.jpg
engagement,caucasian,"Theresa Hayes",TheresaHayes,female,western,,498,144,https://randomuser.me/api/portraits/women/140.jpg
engagement,caucasian,"David Thompson A.",DavidThompsonA,male,western,,360,207,https://randomuser.me/api/portraits/men/138.jpg
engagement,caucasian,"Amanda Jones",AmandaJones,female,western,,378,87,https://randomuser.me/api/portraits/women/141.jpg
engagement,caucasian,"Milton Wallace",MiltonWallace,male,western,,413,165,https://randomuser.me/api/portraits/men/139.jpg
engagement,caucasian,"Patrick Carter A.",PatrickCarterA,male,western,,652,201,https://randomuser.me/api/portraits/men/140.jpg
engagement,caucasian,"Ashley Brown A.",AshleyBrownA,female,western,,372,139,https://randomuser.me/api/portraits/women/142.jpg
engagement,caucasian,"Lawrence Hughes",LawrenceHughes,male,western,,634,292,https://randomuser.me/api/portraits/men/141.jpg
engagement,caucasian,"James Miller",JamesMiller,male,western,,667,254,https://randomuser.me/api/portraits/men/142.jpg
engagement,caucasian,"Nathan Green",NathanGreen,male,western,,599,252,https://randomuser.me/api/portraits/men/143.jpg
engagement,caucasian,"Brittany Lewis A.",BrittanyLewisA,female,western,,434,228,https://randomuser.me/api/portraits/women/143.jpg
engagement,caucasian,"Gordon Reynolds",GordonReynolds,male,western,,445,82,https://randomuser.me/api/portraits/men/144.jpg
engagement,caucasian,"Jennifer Thomas",JenniferThomas,female,western,,438,290,https://randomuser.me/api/portraits/women/144.jpg
engagement,caucasian,"Mason Collins A.",MasonCollinsA,male,western,,479,170,https://randomuser.me/api/portraits/men/145.jpg
engagement,caucasian,"Rosa Sullivan A.",RosaSullivanA,female,western,,368,210,https://randomuser.me/api/portraits/women/145.jpg
engagement,caucasian,"Kathleen Gray",KathleenGray,female,western,,642,130,https://randomuser.me/api/portraits/women/146.jpg
engagement,caucasian,"Jesse Ramirez A.",JesseRamirezA,male,western,,366,268,https://randomuser.me/api/portraits/men/146.jpg
engagement,caucasian,"Tina Wallace A.",TinaWallaceA,female,western,,429,228,https://randomuser.me/api/portraits/women/147.jpg
engagement,caucasian,"Lily Scott",LilyScott,female,western,,525,166,https://randomuser.me/api/portraits/women/148.jpg
engagement,caucasian,"Sophia Hall A.",SophiaHallA,female,western,,341,190,https://randomuser.me/api/portraits/women/149.jpg
engagement,caucasian,"Elaine Fisher",ElaineFisher,female,western,,461,240,https://randomuser.me/api/portraits/women/150.jpg
engagement,caucasian,"Kayla Robinson",KaylaRobinson,female,western,,518,112,https://randomuser.me/api/portraits/women/151.jpg
engagement,caucasian,"Teresa Richardson A.",TeresaRichardsonA,female,western,,422,116,https://randomuser.me/api/portraits/women/152.jpg
engagement,caucasian,"Clarence Foster A.",ClarenceFosterA,male,western,,658,256,https://randomuser.me/api/portraits/men/147.jpg
engagement,caucasian,"Logan Stewart",LoganStewart,male,western,,598,290,https://randomuser.me/api/portraits/men/148.jpg
engagement,caucasian,"Olivia Walker A.",OliviaWalkerA,female,western,,595,183,https://randomuser.me/api/portraits/women/153.jpg
engagement,caucasian,"Jenna Collins A.",JennaCollinsA,female,western,,559,295,https://randomuser.me/api/portraits/women/154.jpg
engagement,caucasian,"Kaitlyn Morris",KaitlynMorris,female,western,,333,198,https://randomuser.me/api/portraits/women/155.jpg
engagement,caucasian,"Terry Russell A.",TerryRussellA,male,western,,655,87,https://randomuser.me/api/portraits/men/149.jpg
engagement,caucasian,"Teresa Richardson",TeresaRichardson,female,western,,469,89,https://randomuser.me/api/portraits/women/156.jpg
engagement,caucasian,"Jason Wright",JasonWright,male,western,,530,119,https://randomuser.me/api/portraits/men/150.jpg
engagement,caucasian,"Liam Sanchez",LiamSanchez,male,western,,408,255,https://randomuser.me/api/portraits/men/151.jpg
engagement,caucasian,"Donovan Cruz A.",DonovanCruzA,male,western,,620,132,https://randomuser.me/api/portraits/men/152.jpg
engagement,caucasian,"Andrea Peterson A.",AndreaPetersonA,female,western,,559,100,https://randomuser.me/api/portraits/women/157.jpg
engagement,caucasian,"Grace Wright A.",GraceWrightA,female,western,,463,192,https://randomuser.me/api/portraits/women/158.jpg
engagement,caucasian,"Taylor Parker A.",TaylorParkerA,female,western,,500,158,https://randomuser.me/api/portraits/women/159.jpg
engagement,caucasian,"Milton Wallace A.",MiltonWallaceA,male,western,,577,199,https://randomuser.me/api/portraits/men/153.jpg
engagement,caucasian,"Martha Patterson A.",MarthaPattersonA,female,western,,380,193,https://randomuser.me/api/portraits/women/160.jpg
engagement,caucasian,"Carter Rogers A.",CarterRogersA,male,western,,385,264,https://randomuser.me/api/portraits/men/154.jpg
engagement,caucasian,"Lillian Graham A.",LillianGrahamA,female,western,,602,162,https://randomuser.me/api/portraits/women/161.jpg
engagement,caucasian,"Marcus Richardson",MarcusRichardson,male,western,,654,285,https://randomuser.me/api/portraits/men/155.jpg
engagement,caucasian,"Donovan Cruz",DonovanCruz,male,western,,489,88,https://randomuser.me/api/portraits/men/156.jpg
engagement,caucasian,"Virginia Kelly",VirginiaKelly,female,western,,662,126,https://randomuser.me/api/portraits/women/162.jpg
engagement,caucasian,"Freddie Hayes A.",FreddieHayesA,male,western,,512,118,https://randomuser.me/api/portraits/men/157.jpg
engagement,caucasian,"Ava Young A.",AvaYoungA,female,western,,341,146,https://randomuser.me/api/portraits/women/163.jpg
engagement,caucasian,"Brent Ward",BrentWard,male,western,,345,297,https://randomuser.me/api/portraits/men/158.jpg
engagement,caucasian,"Trevor Murphy",TrevorMurphy,male,western,,390,181,https://randomuser.me/api/portraits/men/159.jpg
engagement,caucasian,"Sophia Hall",SophiaHall,female,western,,600,207,https://randomuser.me/api/portraits/women/164.jpg
engagement,caucasian,"Courtney Rogers A.",CourtneyRogersA,female,western,,411,279,https://randomuser.me/api/portraits/women/165.jpg
engagement,caucasian,"Evelyn Hamilton A.",EvelynHamiltonA,female,western,,361,180,https://randomuser.me/api/portraits/women/166.jpg
engagement,caucasian,"Derek Cooper",DerekCooper,male,western,,504,277,https://randomuser.me/api/portraits/men/160.jpg
engagement,caucasian,"Alice Perry A.",AlicePerryA,female,western,,450,296,https://randomuser.me/api/portraits/women/167.jpg
engagement,caucasian,"Sean Mitchell",SeanMitchell,male,western,,514,106,https://randomuser.me/api/portraits/men/161.jpg
engagement,caucasian,"Clifford Hamilton",CliffordHamilton,male,western,,505,284,https://randomuser.me/api/portraits/men/162.jpg
engagement,caucasian,"Matthew Lewis A.",MatthewLewisA,male,western,,613,160,https://randomuser.me/api/portraits/men/163.jpg
engagement,caucasian,"Brenda Price A.",BrendaPriceA,female,western,,457,179,https://randomuser.me/api/portraits/women/168.jpg
engagement,caucasian,"Philip Brooks A.",PhilipBrooksA,male,western,,647,219,https://randomuser.me/api/portraits/men/164.jpg
engagement,caucasian,"Ryan Young A.",RyanYoungA,male,western,,343,232,https://randomuser.me/api/portraits/men/165.jpg
engagement,caucasian,"David Thompson",DavidThompson,male,western,,402,159,https://randomuser.me/api/portraits/men/166.jpg
engagement,caucasian,"Sandra Ramirez",SandraRamirez,female,western,,389,133,https://randomuser.me/api/portraits/women/169.jpg
engagement,caucasian,"Chase Bell A.",ChaseBellA,male,western,,432,296,https://randomuser.me/api/portraits/men/167.jpg
engagement,caucasian,"Donna Alexander",DonnaAlexander,female,western,,665,237,https://randomuser.me/api/portraits/women/170.jpg
engagement,caucasian,"Dennis James A.",DennisJamesA,male,western,,486,299,https://randomuser.me/api/portraits/men/168.jpg
engagement,caucasian,"Howard Bennett A.",HowardBennettA,male,western,,527,131,https://randomuser.me/api/portraits/men/169.jpg
engagement,caucasian,"Ruth Watson",RuthWatson,female,western,,637,241,https://randomuser.me/api/portraits/women/171.jpg
engagement,caucasian,"Eugene Henderson A.",EugeneHendersonA,male,western,,484,265,https://randomuser.me/api/portraits/men/170.jpg
engagement,caucasian,"Isabella Allen A.",IsabellaAllenA,female,western,,634,293,https://randomuser.me/api/portraits/women/172.jpg
engagement,caucasian,"Wade Sullivan A.",WadeSullivanA,male,western,,664,261,https://randomuser.me/api/portraits/men/171.jpg
engagement,caucasian,"William Anderson A.",WilliamAndersonA,male,western,,370,149,https://randomuser.me/api/portraits/men/172.jpg
engagement,caucasian,"Emily Johnson A.",EmilyJohnsonA,female,western,,645,235,https://randomuser.me/api/portraits/women/173.jpg
engagement,caucasian,"Lyle Jordan",LyleJordan,male,western,,453,100,https://randomuser.me/api/portraits/men/173.jpg
engagement,caucasian,"Daniel Clark",DanielClark,male,western,,482,153,https://randomuser.me/api/portraits/men/174.jpg
engagement,caucasian,"Luke Phillips A.",LukePhillipsA,male,western,,545,271,https://randomuser.me/api/portraits/men/175.jpg
engagement,caucasian,"Heather Howard A.",HeatherHowardA,female,western,,565,297,https://randomuser.me/api/portraits/women/174.jpg
engagement,caucasian,"Russell Price",RussellPrice,male,western,,452,179,https://randomuser.me/api/portraits/men/176.jpg
engagement,caucasian,"Christopher Robinson A.",ChristopherRobinsonA,male,western,,413,133,https://randomuser.me/api/portraits/men/177.jpg
engagement,caucasian,"Lily Scott A.",LilyScottA,female,western,,663,161,https://randomuser.me/api/portraits/women/175.jpg
engagement,caucasian,"Kelly Morgan A.",KellyMorganA,female,western,,573,287,https://randomuser.me/api/portraits/women/176.jpg
engagement,caucasian,"Norman Griffin A.",NormanGriffinA,male,western,,668,275,https://randomuser.me/api/portraits/men/178.jpg
engagement,caucasian,"Marshall Murray A.",MarshallMurrayA,male,western,,409,256,https://randomuser.me/api/portraits/men/179.jpg
engagement,caucasian,"Kevin King A.",KevinKingA,male,western,,579,111,https://randomuser.me/api/portraits/men/180.jpg
engagement,caucasian,"Connor Turner",ConnorTurner,male,western,,615,286,https://randomuser.me/api/portraits/men/181.jpg
engagement,caucasian,"Sharon Brooks A.",SharonBrooksA,female,western,,660,248,https://randomuser.me/api/portraits/women/177.jpg
engagement,caucasian,"Joshua Hall A.",JoshuaHallA,male,western,,610,93,https://randomuser.me/api/portraits/men/182.jpg
engagement,caucasian,"Alexis Roberts",AlexisRoberts,female,western,,437,202,https://randomuser.me/api/portraits/women/178.jpg
engagement,caucasian,"Rebecca Bailey A.",RebeccaBaileyA,female,western,,570,246,https://randomuser.me/api/portraits/women/179.jpg
engagement,caucasian,"Christopher Robinson",ChristopherRobinson,male,western,,361,244,https://randomuser.me/api/portraits/men/183.jpg
engagement,caucasian,"Nicole Martin A.",NicoleMartinA,female,western,,443,83,https://randomuser.me/api/portraits/women/180.jpg
engagement,caucasian,"Spencer Harrison A.",SpencerHarrisonA,male,western,,624,121,https://randomuser.me/api/portraits/men/184.jpg
engagement,caucasian,"Paige Phillips A.",PaigePhillipsA,female,western,,665,187,https://randomuser.me/api/portraits/women/181.jpg
engagement,caucasian,"Ruth Watson A.",RuthWatsonA,female,western,,483,90,https://randomuser.me/api/portraits/women/182.jpg
engagement,caucasian,"Sydney Evans",SydneyEvans,female,western,,413,215,https://randomuser.me/api/portraits/women/183.jpg
engagement,caucasian,"Heather Howard",HeatherHoward,female,western,,456,239,https://randomuser.me/api/portraits/women/184.jpg
engagement,caucasian,"Kylie Edwards A.",KylieEdwardsA,female,western,,650,158,https://randomuser.me/api/portraits/women/185.jpg
engagement,caucasian,"Andrew Walker",AndrewWalker,male,western,,631,99,https://randomuser.me/api/portraits/men/185.jpg
engagement,caucasian,"Emma Baker A.",EmmaBakerA,female,western,,602,182,https://randomuser.me/api/portraits/women/186.jpg
engagement,caucasian,"Sara Bell",SaraBell,female,western,,379,299,https://randomuser.me/api/portraits/women/187.jpg
engagement,caucasian,"Kyle Perez",KylePerez,male,western,,648,83,https://randomuser.me/api/portraits/men/186.jpg
engagement,caucasian,"Jake Edwards",JakeEdwards,male,western,,590,153,https://randomuser.me/api/portraits/men/187.jpg
engagement,caucasian,"Richard Martinez A.",RichardMartinezA,male,western,,351,239,https://randomuser.me/api/portraits/men/188.jpg
engagement,caucasian,"Craig Peterson",CraigPeterson,male,western,,518,236,https://randomuser.me/api/portraits/men/189.jpg
engagement,caucasian,"Carol Sanders A.",CarolSandersA,female,western,,587,182,https://randomuser.me/api/portraits/women/188.jpg
engagement,caucasian,"Haley Sanchez A.",HaleySanchezA,female,western,,583,250,https://randomuser.me/api/portraits/women/189.jpg
engagement,caucasian,"Darren Graham A.",DarrenGrahamA,male,western,,335,243,https://randomuser.me/api/portraits/men/190.jpg
engagement,caucasian,"Randy Coleman A.",RandyColemanA,male,western,,393,100,https://randomuser.me/api/portraits/men/191.jpg
engagement,caucasian,"Samantha Lee",SamanthaLee,female,western,,495,180,https://randomuser.me/api/portraits/women/190.jpg
engagement,caucasian,"Aaron Scott",AaronScott,male,western,,345,83,https://randomuser.me/api/portraits/men/192.jpg
engagement,caucasian,"Pamela Bennett",PamelaBennett,female,western,,538,281,https://randomuser.me/api/portraits/women/191.jpg
engagement,caucasian,"Harvey Woods A.",HarveyWoodsA,male,western,,576,176,https://randomuser.me/api/portraits/men/193.jpg
engagement,caucasian,"Troy Howard A.",TroyHowardA,male,western,,450,182,https://randomuser.me/api/portraits/men/194.jpg
engagement,caucasian,"Kyle Perez A.",KylePerezA,male,western,,360,89,https://randomuser.me/api/portraits/men/195.jpg
engagement,caucasian,"Robert Wilson A.",RobertWilsonA,male,western,,487,209,https://randomuser.me/api/portraits/men/196.jpg
engagement,caucasian,"Virginia Kelly A.",VirginiaKellyA,female,western,,667,286,https://randomuser.me/api/portraits/women/192.jpg
engagement,caucasian,"Theresa Hayes A.",TheresaHayesA,female,western,,335,104,https://randomuser.me/api/portraits/women/193.jpg
engagement,caucasian,"Madison Nelson A.",MadisonNelsonA,female,western,,443,215,https://randomuser.me/api/portraits/women/194.jpg
engagement,caucasian,"Tyler Hill",TylerHill,male,western,,575,260,https://randomuser.me/api/portraits/men/197.jpg
engagement,caucasian,"Scott Torres",ScottTorres,male,western,,571,239,https://randomuser.me/api/portraits/men/198.jpg
engagement,caucasian,"Martha Patterson",MarthaPatterson,female,western,,487,230,https://randomuser.me/api/portraits/women/195.jpg
engagement,caucasian,"Liam Sanchez A.",LiamSanchezA,male,western,,592,216,https://randomuser.me/api/portraits/men/199.jpg
engagement,caucasian,"Annie Reynolds A.",AnnieReynoldsA,female,western,,582,228,https://randomuser.me/api/portraits/women/196.jpg
engagement,caucasian,"Laura Cox",LauraCox,female,western,,361,292,https://randomuser.me/api/portraits/women/197.jpg
engagement,caucasian,"Dorothy Wood",DorothyWood,female,western,,484,97,https://randomuser.me/api/portraits/women/198.jpg
engagement,caucasian,"Natalie Mitchell A.",NatalieMitchellA,female,western,,335,133,https://randomuser.me/api/portraits/women/199.jpg
engagement,nigerian,"Umar Farouk",UmarFarouk,male,hausa,,656,237,https://images.pexels.com/photos/7623953/pexels-photo-7623953.jpeg?auto=compress&cs=tinysrgb&h=350
engagement,nigerian,"Daniel Okoye",DanielOkoye,male,english,,599,183,https://images.pexels.com/photos/33962421/pexels-photo-33962421.jpeg?auto=compress&cs=tinysrgb&h=350
engagement,nigerian,"Rukayya Ibrahim",RukayyaIbrahim,female,hausa,,591,284,https://images.pexels.com/photos/16255229/pexels-photo-16255229.jpeg?auto=compress&cs=tinysrgb&h=350
engagement,nigerian,"Mercy Johnson",MercyJohnson,female,english,,560,286,https://images.pexels.com/photos/26146973/pexels-photo-26146973.jpeg?auto=compress&cs=tinysrgb&h=350
engagement,nigerian,"Jamila Sani",JamilaSani,female,hausa,,516,251,https://images.pexels.com/photos/5196916/pexels-photo-5196916.jpeg?auto=compress&cs=tinysrgb&h=350
engagement,nigerian,"Anjola Aluko B.",AnjolaAlukoB,female,yoruba,,554,232,https://images.pexels.com/photos/14471496/pexels-photo-14471496.jpeg?auto=compress&cs=tinysrgb&h=350
engagement,nigerian,"Ekene Okoro",EkeneOkoro,male,igbo,,380,239,https://images.pexels.com/photos/34434947/pexels-photo-34434947.jpeg?auto=compress&cs=tinysrgb&h=350
engagement,nigerian,"Abisola Adisa A.",AbisolaAdisaA,female,yoruba,,484,246,https://images.pexels.com/photos/2061112/pexels-photo-2061112.jpeg?auto=compress&cs=tinysrgb&h=350
engagement,nigerian,"Adaeze Nwafor",AdaezeNwafor,female,igbo,,491,83,https://images.pexels.com/photos/16298182/pexels-photo-16298182.jpeg?auto=compress&cs=tinysrgb&h=350
engagement,nigerian,"Kayode Afolabi A.",KayodeAfolabiA,male,yoruba,,382,150,https://images.pexels.com/photos/34434949/pexels-photo-34434949.jpeg?auto=compress&cs=tinysrgb&h=350
engagement,nigerian,"Chiamaka Umeh A.",ChiamakaUmehA,female,igbo,,366,102,https://images.pexels.com/photos/30456544/pexels-photo-30456544.jpeg?auto=compress&cs=tinysrgb&h=350
engagement,nigerian,"Tunde Balogun",TundeBalogun,male,yoruba,,561,293,https://images.pexels.com/photos/36143311/pexels-photo-36143311.jpeg?auto=compress&cs=tinysrgb&h=350
engagement,nigerian,"Amarachi Okoro",AmarachiOkoro,female,igbo,,490,148,https://images.pexels.com/photos/2997545/pexels-photo-2997545.jpeg?auto=compress&cs=tinysrgb&h=350
engagement,nigerian,"Adewale Adenuga A.",AdewaleAdenugaA,male,yoruba,,555,180,https://images.pexels.com/photos/14320205/pexels-photo-14320205.jpeg?auto=compress&cs=tinysrgb&h=350
engagement,nigerian,"Nonso Ezeani A.",NonsoEzeaniA,male,igbo,,562,291,https://images.pexels.com/photos/33511978/pexels-photo-33511978.jpeg?auto=compress&cs=tinysrgb&h=350
engagement,nigerian,"Biodun Ajayi",BiodunAjayi,male,yoruba,,584,284,https://images.pexels.com/photos/29292086/pexels-photo-29292086.jpeg?auto=compress&cs=tinysrgb&h=350
engagement,nigerian,"Onyinye Umeh A.",OnyinyeUmehA,female,igbo,,573,181,https://images.pexels.com/photos/13641265/pexels-photo-13641265.jpeg?auto=compress&cs=tinysrgb&h=350
engagement,nigerian,"Aduke Oyelaran A.",AdukeOyelaranA,female,yoruba,,490,274,https://images.pexels.com/photos/17084492/pexels-photo-17084492.jpeg?auto=compress&cs=tinysrgb&h=350
engagement,nigerian,"Kelechi Okonkwo A.",KelechiOkonkwoA,male,igbo,,645,226,https://images.pexels.com/photos/27945691/pexels-photo-27945691.jpeg?auto=compress&cs=tinysrgb&h=350
engagement,nigerian,"Idowu Salami",IdowuSalami,male,yoruba,,647,166,https://images.pexels.com/photos/34204675/pexels-photo-34204675.jpeg?auto=compress&cs=tinysrgb&h=350
engagement,nigerian,"Ifeoma Eze",IfeomaEze,female,igbo,,595,125,https://images.pexels.com/photos/35506984/pexels-photo-35506984.jpeg?auto=compress&cs=tinysrgb&h=350
engagement,nigerian,"Bolaji Akinwale",BolajiAkinwale,male,yoruba,,564,81,https://images.pexels.com/photos/33844629/pexels-photo-33844629.jpeg?auto=compress&cs=tinysrgb&h=350
engagement,nigerian,"Obinna Chukwu A.",ObinnaChukwuA,male,igbo,,575,233,https://images.pexels.com/photos/14339577/pexels-photo-14339577.jpeg?auto=compress&cs=tinysrgb&h=350
engagement,nigerian,"Segun Adeyinka A.",SegunAdeyinkaA,male,yoruba,,587,216,https://images.pexels.com/photos/21222664/pexels-photo-21222664.jpeg?auto=compress&cs=tinysrgb&h=350
engagement,nigerian,"Ijeoma Okoro",IjeomaOkoro,female,igbo,,335,220,https://images.pexels.com/photos/12008288/pexels-photo-12008288.jpeg?auto=compress&cs=tinysrgb&h=350
engagement,nigerian,"Yusuf Bello",YusufBello,male,hausa,,439,192,https://images.unsplash.com/photo-1657356217561-6ed26b47e116?crop=entropy&cs=tinysrgb&fit=max&fm=jpg&ixid=M3wxMDM2NjU1fDB8MXxzZWFyY2h8MTZ8fG5pZ2VyaWFuJTIwZ3V5JTIwcG9ydHJhaXR8ZW58MHwxfHx8MTc4NzIyNDI0MXww&ixlib=rb-4.1.0&q=80&w=400
engagement,nigerian,"Joseph Bassey",JosephBassey,male,english,,365,218,https://images.unsplash.com/photo-1640090290783-e6444bb40dce?crop=entropy&cs=tinysrgb&fit=max&fm=jpg&ixid=M3wxMDM2NjU1fDB8MXxzZWFyY2h8MjB8fG5pZ2VyaWFuJTIwZ3V5JTIwcG9ydHJhaXR8ZW58MHwxfHx8MTc4NzIyNDI0MXww&ixlib=rb-4.1.0&q=80&w=400
engagement,nigerian,"Hauwa Bello",HauwaBello,female,hausa,,660,291,https://images.pexels.com/photos/20660463/pexels-photo-20660463.jpeg?auto=compress&cs=tinysrgb&h=350
engagement,nigerian,"David Johnson",DavidJohnson,male,english,,434,238,https://images.pexels.com/photos/30141182/pexels-photo-30141182.jpeg?auto=compress&cs=tinysrgb&h=350
engagement,nigerian,"Aisha Garba",AishaGarba,female,hausa,,485,293,https://images.pexels.com/photos/13558043/pexels-photo-13558043.jpeg?auto=compress&cs=tinysrgb&h=350
engagement,nigerian,"Yetunde Adeyemi",YetundeAdeyemi,female,yoruba,,656,281,https://images.pexels.com/photos/31852981/pexels-photo-31852981.jpeg?auto=compress&cs=tinysrgb&h=350
engagement,nigerian,"Adaeze Okafor",AdaezeOkafor,female,igbo,,646,222,https://images.pexels.com/photos/31530771/pexels-photo-31530771.jpeg?auto=compress&cs=tinysrgb&h=350
engagement,nigerian,"Yetunde Bankole",YetundeBankole,female,yoruba,,486,116,https://images.pexels.com/photos/22364768/pexels-photo-22364768.jpeg?auto=compress&cs=tinysrgb&h=350
engagement,nigerian,"Chinasa Ezugo A.",ChinasaEzugoA,female,igbo,,629,150,https://images.pexels.com/photos/38904187/pexels-photo-38904187.jpeg?auto=compress&cs=tinysrgb&h=350
engagement,nigerian,"Anjola Aluko",AnjolaAluko,female,yoruba,,555,258,https://images.pexels.com/photos/35277242/pexels-photo-35277242.jpeg?auto=compress&cs=tinysrgb&h=350
engagement,nigerian,"Nneka Nwankwo A.",NnekaNwankwoA,female,igbo,,463,201,https://images.pexels.com/photos/33729291/pexels-photo-33729291.jpeg?auto=compress&cs=tinysrgb&h=350
engagement,nigerian,"Yemi Aluko A.",YemiAlukoA,male,yoruba,,400,116,https://images.pexels.com/photos/35844066/pexels-photo-35844066.jpeg?auto=compress&cs=tinysrgb&h=350
engagement,nigerian,"Chidera Okeke",ChideraOkeke,female,igbo,,332,283,https://images.pexels.com/photos/27862970/pexels-photo-27862970.jpeg?auto=compress&cs=tinysrgb&h=350
engagement,nigerian,"Eniola Ogunbiyi",EniolaOgunbiyi,female,yoruba,,567,144,https://images.pexels.com/photos/38904183/pexels-photo-38904183.jpeg?auto=compress&cs=tinysrgb&h=350
engagement,nigerian,"Chigozie Umeh",ChigozieUmeh,male,igbo,,541,91,https://images.pexels.com/photos/38165904/pexels-photo-38165904.jpeg?auto=compress&cs=tinysrgb&h=350
engagement,nigerian,"Damilola Adebayo",DamilolaAdebayo,female,yoruba,,546,102,https://images.pexels.com/photos/39054388/pexels-photo-39054388.jpeg?auto=compress&cs=tinysrgb&h=350
engagement,nigerian,"Chukwuemeka Obi",ChukwuemekaObi,male,igbo,,503,289,https://images.pexels.com/photos/30756947/pexels-photo-30756947.jpeg?auto=compress&cs=tinysrgb&h=350
engagement,nigerian,"Femi Oyelaran A.",FemiOyelaranA,male,yoruba,,544,254,https://images.pexels.com/photos/34557574/pexels-photo-34557574.jpeg?auto=compress&cs=tinysrgb&h=350
engagement,nigerian,"Ngozi Chukwu A.",NgoziChukwuA,female,igbo,,656,177,https://images.pexels.com/photos/38250930/pexels-photo-38250930.jpeg?auto=compress&cs=tinysrgb&h=350
engagement,nigerian,"Adeola Fashola",AdeolaFashola,female,yoruba,,574,180,https://images.pexels.com/photos/35277243/pexels-photo-35277243.jpeg?auto=compress&cs=tinysrgb&h=350
engagement,nigerian,"Tochukwu Ibe A.",TochukwuIbeA,male,igbo,,658,113,https://images.pexels.com/photos/37529286/pexels-photo-37529286.jpeg?auto=compress&cs=tinysrgb&h=350
engagement,nigerian,"Titilayo Oyewole",TitilayoOyewole,female,yoruba,,640,82,https://images.pexels.com/photos/33931268/pexels-photo-33931268.jpeg?auto=compress&cs=tinysrgb&h=350
engagement,nigerian,"Ekene Okoro A.",EkeneOkoroA,male,igbo,,550,232,https://images.pexels.com/photos/12714871/pexels-photo-12714871.jpeg?auto=compress&cs=tinysrgb&h=350
engagement,nigerian,"Simisola Adeleke",SimisolaAdeleke,female,yoruba,,386,188,https://images.pexels.com/photos/28040817/pexels-photo-28040817.jpeg?auto=compress&cs=tinysrgb&h=350
engagement,nigerian,"Ugochukwu Anyanwu",UgochukwuAnyanwu,male,igbo,,438,226,https://images.pexels.com/photos/31516610/pexels-photo-31516610.jpeg?auto=compress&cs=tinysrgb&h=350
engagement,nigerian,"Charles Francis",CharlesFrancis,male,english,,604,228,https://images.pexels.com/photos/37626221/pexels-photo-37626221.jpeg?auto=compress&cs=tinysrgb&h=350
engagement,nigerian,"Samuel Edwards",SamuelEdwards,male,english,,516,294,https://images.pexels.com/photos/33844622/pexels-photo-33844622.jpeg?auto=compress&cs=tinysrgb&h=350
engagement,nigerian,"Kunle Adeyemi",KunleAdeyemi,male,yoruba,,386,222,https://images.unsplash.com/photo-1639646259890-1713ef077f1b?crop=entropy&cs=tinysrgb&fit=max&fm=jpg&ixid=M3wxMDM2NjU1fDB8MXxzZWFyY2h8MzZ8fG5pZ2VyaWFuJTIwZ3V5JTIwcG9ydHJhaXR8ZW58MHwxfHx8MTc4NzIyNDI0Mnww&ixlib=rb-4.1.0&q=80&w=400
engagement,nigerian,"Obinna Chukwu",ObinnaChukwu,male,igbo,,643,276,https://images.unsplash.com/photo-1620932934121-64b011924f08?crop=entropy&cs=tinysrgb&fit=max&fm=jpg&ixid=M3wxMDM2NjU1fDB8MXxzZWFyY2h8NTN8fG5pZ2VyaWFuJTIwZ3V5JTIwcG9ydHJhaXR8ZW58MHwxfHx8MTc4NzIyNDI0Mnww&ixlib=rb-4.1.0&q=80&w=400
engagement,nigerian,"Taiwo Ogunleye",TaiwoOgunleye,male,yoruba,,429,208,https://images.pexels.com/photos/15245645/pexels-photo-15245645.jpeg?auto=compress&cs=tinysrgb&h=350
engagement,nigerian,"Chioma Okeke A.",ChiomaOkekeA,female,igbo,,348,176,https://images.pexels.com/photos/38904178/pexels-photo-38904178.jpeg?auto=compress&cs=tinysrgb&h=350
engagement,nigerian,"Damilare Oyewole A.",DamilareOyewoleA,male,yoruba,,364,102,https://images.pexels.com/photos/18800766/pexels-photo-18800766.jpeg?auto=compress&cs=tinysrgb&h=350
engagement,nigerian,"Adaobi Ibe",AdaobiIbe,female,igbo,,652,122,https://images.pexels.com/photos/32703124/pexels-photo-32703124.jpeg?auto=compress&cs=tinysrgb&h=350
engagement,nigerian,"Dunni Oladipo",DunniOladipo,female,yoruba,,599,174,https://images.pexels.com/photos/33931263/pexels-photo-33931263.jpeg?auto=compress&cs=tinysrgb&h=350
engagement,nigerian,"Chiamaka Umeh",ChiamakaUmeh,female,igbo,,481,257,https://images.pexels.com/photos/33831290/pexels-photo-33831290.jpeg?auto=compress&cs=tinysrgb&h=350
engagement,nigerian,"Temitope Adeyinka A.",TemitopeAdeyinkaA,female,yoruba,,485,192,https://images.pexels.com/photos/33831286/pexels-photo-33831286.jpeg?auto=compress&cs=tinysrgb&h=350
engagement,nigerian,"Ikenna Okeke",IkennaOkeke,male,igbo,,382,251,https://images.pexels.com/photos/33687464/pexels-photo-33687464.jpeg?auto=compress&cs=tinysrgb&h=350
engagement,nigerian,"Funmilayo Adekoya A.",FunmilayoAdekoyaA,female,yoruba,,333,256,https://images.pexels.com/photos/33831288/pexels-photo-33831288.jpeg?auto=compress&cs=tinysrgb&h=350
engagement,nigerian,"Somtochukwu Ibe",SomtochukwuIbe,female,igbo,,565,201,https://images.pexels.com/photos/33762212/pexels-photo-33762212.jpeg?auto=compress&cs=tinysrgb&h=350
engagement,nigerian,"Folake Adeleke",FolakeAdeleke,female,yoruba,,497,119,https://images.pexels.com/photos/33762485/pexels-photo-33762485.jpeg?auto=compress&cs=tinysrgb&h=350
engagement,nigerian,"Obinna Okoro A.",ObinnaOkoroA,male,igbo,,556,192,https://images.pexels.com/photos/35677074/pexels-photo-35677074.jpeg?auto=compress&cs=tinysrgb&h=350
engagement,nigerian,"Seyi Adebisi A.",SeyiAdebisiA,male,yoruba,,559,164,https://images.pexels.com/photos/33539793/pexels-photo-33539793.jpeg?auto=compress&cs=tinysrgb&h=350
engagement,nigerian,"Adaeze Okafor A.",AdaezeOkaforA,female,igbo,,660,159,https://images.pexels.com/photos/33831285/pexels-photo-33831285.jpeg?auto=compress&cs=tinysrgb&h=350
engagement,nigerian,"Bukola Ogundele A.",BukolaOgundeleA,female,yoruba,,550,123,https://images.pexels.com/photos/33762211/pexels-photo-33762211.jpeg?auto=compress&cs=tinysrgb&h=350
engagement,nigerian,"Obinna Okoro",ObinnaOkoro,male,igbo,,633,185,https://images.pexels.com/photos/28038437/pexels-photo-28038437.jpeg?auto=compress&cs=tinysrgb&h=350
engagement,nigerian,"Tope Adesina B.",TopeAdesinaB,male,yoruba,,528,190,https://images.pexels.com/photos/5984158/pexels-photo-5984158.jpeg?auto=compress&cs=tinysrgb&h=350
engagement,nigerian,"Chibueze Nnamdi",ChibuezeNnamdi,male,igbo,,478,175,https://images.pexels.com/photos/38385193/pexels-photo-38385193.jpeg?auto=compress&cs=tinysrgb&h=350
engagement,nigerian,"Emmanuel Roberts",EmmanuelRoberts,male,english,,365,152,https://images.pexels.com/photos/34739800/pexels-photo-34739800.jpeg?auto=compress&cs=tinysrgb&h=350
engagement,nigerian,"Comfort Roberts",ComfortRoberts,female,english,,396,149,https://images.pexels.com/photos/28453665/pexels-photo-28453665.jpeg?auto=compress&cs=tinysrgb&h=350
engagement,nigerian,"Lanre Olatunji A.",LanreOlatunjiA,male,yoruba,,475,131,https://images.pexels.com/photos/27898171/pexels-photo-27898171.jpeg?auto=compress&cs=tinysrgb&h=350
engagement,nigerian,"Ngozi Chukwu",NgoziChukwu,female,igbo,,603,185,https://images.pexels.com/photos/33511987/pexels-photo-33511987.jpeg?auto=compress&cs=tinysrgb&h=350
engagement,nigerian,"Bisi Ogunleye",BisiOgunleye,female,yoruba,,503,251,https://images.pexels.com/photos/35277240/pexels-photo-35277240.jpeg?auto=compress&cs=tinysrgb&h=350
engagement,nigerian,"Ifunanya Ezeani",IfunanyaEzeani,female,igbo,,595,106,https://images.pexels.com/photos/38278650/pexels-photo-38278650.jpeg?auto=compress&cs=tinysrgb&h=350
engagement,nigerian,"Seyi Adebisi",SeyiAdebisi,male,yoruba,,603,283,https://images.pexels.com/photos/29386184/pexels-photo-29386184.jpeg?auto=compress&cs=tinysrgb&h=350
engagement,nigerian,"Chidinma Okonkwo A.",ChidinmaOkonkwoA,female,igbo,,517,232,https://images.pexels.com/photos/35947476/pexels-photo-35947476.jpeg?auto=compress&cs=tinysrgb&h=350
engagement,nigerian,"Motunrayo Salami",MotunrayoSalami,female,yoruba,,390,198,https://images.pexels.com/photos/34747815/pexels-photo-34747815.jpeg?auto=compress&cs=tinysrgb&h=350
engagement,nigerian,"Ifeoma Eze A.",IfeomaEzeA,female,igbo,,503,300,https://images.pexels.com/photos/31817572/pexels-photo-31817572.jpeg?auto=compress&cs=tinysrgb&h=350
engagement,nigerian,"Damilare Oyewole",DamilareOyewole,male,yoruba,,459,147,https://images.pexels.com/photos/6109392/pexels-photo-6109392.jpeg?auto=compress&cs=tinysrgb&h=350
engagement,nigerian,"Onyinye Umeh B.",OnyinyeUmehB,female,igbo,,453,97,https://images.pexels.com/photos/34550777/pexels-photo-34550777.jpeg?auto=compress&cs=tinysrgb&h=350
engagement,nigerian,"Ifeoluwa Adekunle A.",IfeoluwaAdekunleA,female,yoruba,,397,245,https://images.pexels.com/photos/39054418/pexels-photo-39054418.jpeg?auto=compress&cs=tinysrgb&h=350
engagement,nigerian,"Ifunanya Ezeani A.",IfunanyaEzeaniA,female,igbo,,492,181,https://images.pexels.com/photos/33511972/pexels-photo-33511972.jpeg?auto=compress&cs=tinysrgb&h=350
engagement,nigerian,"Wale Adisa A.",WaleAdisaA,male,yoruba,,500,131,https://images.pexels.com/photos/29061392/pexels-photo-29061392.jpeg?auto=compress&cs=tinysrgb&h=350
engagement,nigerian,"Ogechi Achebe",OgechiAchebe,female,igbo,,477,167,https://images.pexels.com/photos/33511961/pexels-photo-33511961.jpeg?auto=compress&cs=tinysrgb&h=350
engagement,nigerian,"Funmilayo Adekoya",FunmilayoAdekoya,female,yoruba,,442,233,https://images.pexels.com/photos/33844644/pexels-photo-33844644.jpeg?auto=compress&cs=tinysrgb&h=350
engagement,nigerian,"Ogechi Ibe A.",OgechiIbeA,female,igbo,,437,178,https://images.pexels.com/photos/34516694/pexels-photo-34516694.jpeg?auto=compress&cs=tinysrgb&h=350
engagement,nigerian,"Kehinde Alabi A.",KehindeAlabiA,male,yoruba,,410,192,https://images.pexels.com/photos/38058579/pexels-photo-38058579.jpeg?auto=compress&cs=tinysrgb&h=350
engagement,nigerian,"Uchenna Onyekwere",UchennaOnyekwere,male,igbo,,493,199,https://images.pexels.com/photos/14568039/pexels-photo-14568039.jpeg?auto=compress&cs=tinysrgb&h=350
engagement,nigerian,"Yewande Adesina A.",YewandeAdesinaA,female,yoruba,,595,255,https://images.pexels.com/photos/31086521/pexels-photo-31086521.jpeg?auto=compress&cs=tinysrgb&h=350
engagement,nigerian,"Kamsiyochukwu Okeke A.",KamsiyochukwuOkekeA,male,igbo,,370,242,https://images.pexels.com/photos/31454885/pexels-photo-31454885.jpeg?auto=compress&cs=tinysrgb&h=350
engagement,nigerian,"Patience Edwards A.",PatienceEdwardsA,female,english,,643,239,https://images.pexels.com/photos/36461248/pexels-photo-36461248.jpeg?auto=compress&cs=tinysrgb&h=350
engagement,nigerian,"Joy Bassey",JoyBassey,female,english,,565,204,https://images.pexels.com/photos/31826847/pexels-photo-31826847.jpeg?auto=compress&cs=tinysrgb&h=350
engagement,nigerian,"Folake Ojo",FolakeOjo,female,yoruba,,513,230,https://images.pexels.com/photos/36786033/pexels-photo-36786033.jpeg?auto=compress&cs=tinysrgb&h=350
engagement,nigerian,"Emeka Nwachukwu A.",EmekaNwachukwuA,male,igbo,,670,107,https://images.pexels.com/photos/24742717/pexels-photo-24742717.jpeg?auto=compress&cs=tinysrgb&h=350
engagement,nigerian,"Folake Ojo A.",FolakeOjoA,female,yoruba,,433,220,https://images.pexels.com/photos/34516693/pexels-photo-34516693.jpeg?auto=compress&cs=tinysrgb&h=350
engagement,nigerian,"Adaugo Nwosu",AdaugoNwosu,female,igbo,,357,245,https://images.pexels.com/photos/19525151/pexels-photo-19525151.jpeg?auto=compress&cs=tinysrgb&h=350
engagement,nigerian,"Omolara Afolabi",OmolaraAfolabi,female,yoruba,,586,147,https://images.pexels.com/photos/37036206/pexels-photo-37036206.jpeg?auto=compress&cs=tinysrgb&h=350
engagement,nigerian,"Ifeanyi Uzoma A.",IfeanyiUzomaA,male,igbo,,487,106,https://images.pexels.com/photos/18852678/pexels-photo-18852678.jpeg?auto=compress&cs=tinysrgb&h=350
engagement,nigerian,"Bukola Ogundele",BukolaOgundele,female,yoruba,,409,271,https://images.pexels.com/photos/33844645/pexels-photo-33844645.jpeg?auto=compress&cs=tinysrgb&h=350
engagement,nigerian,"Lotanna Okpala",LotannaOkpala,male,igbo,,465,118,https://images.pexels.com/photos/36449657/pexels-photo-36449657.jpeg?auto=compress&cs=tinysrgb&h=350
engagement,nigerian,"Olusegun Adeleke",OlusegunAdeleke,male,yoruba,,567,111,https://images.pexels.com/photos/9063609/pexels-photo-9063609.jpeg?auto=compress&cs=tinysrgb&h=350
engagement,nigerian,"Chidinma Okonkwo",ChidinmaOkonkwo,female,igbo,,481,278,https://images.pexels.com/photos/38968382/pexels-photo-38968382.jpeg?auto=compress&cs=tinysrgb&h=350
engagement,nigerian,"Adebayo Ajayi",AdebayoAjayi,male,yoruba,,503,91,https://images.pexels.com/photos/5945324/pexels-photo-5945324.jpeg?auto=compress&cs=tinysrgb&h=350
engagement,nigerian,"Nnamdi Achebe",NnamdiAchebe,male,igbo,,513,130,https://images.pexels.com/photos/6738639/pexels-photo-6738639.jpeg?auto=compress&cs=tinysrgb&h=350
engagement,nigerian,"Akin Oladapo A.",AkinOladapoA,male,yoruba,,600,267,https://images.pexels.com/photos/4584664/pexels-photo-4584664.jpeg?auto=compress&cs=tinysrgb&h=350
engagement,nigerian,"Nkechi Nnamdi",NkechiNnamdi,female,igbo,,581,212,https://images.pexels.com/photos/39054377/pexels-photo-39054377.jpeg?auto=compress&cs=tinysrgb&h=350
engagement,nigerian,"Oluwatoyin Ajayi",OluwatoyinAjayi,female,yoruba,,575,259,https://images.pexels.com/photos/38904188/pexels-photo-38904188.jpeg?auto=compress&cs=tinysrgb&h=350
engagement,nigerian,"Onyeka Nwafor",OnyekaNwafor,male,igbo,,522,258,https://images.unsplash.com/photo-1713606598304-3ee8778abe23?crop=entropy&cs=tinysrgb&fit=max&fm=jpg&ixid=M3wxMDM2NjU1fDB8MXxzZWFyY2h8NTl8fGRhcmslMjBza2lubmVkJTIwbWFuJTIwZmFjZSUyMHBvcnRyYWl0fGVufDB8MXx8fDE3ODcyMjQyNDZ8MA&ixlib=rb-4.1.0&q=80&w=400
engagement,nigerian,"Damilola Adebayo A.",DamilolaAdebayoA,female,yoruba,,561,211,https://images.pexels.com/photos/30572182/pexels-photo-30572182.jpeg?auto=compress&cs=tinysrgb&h=350
engagement,nigerian,"Ifeoma Nwankwo A.",IfeomaNwankwoA,female,igbo,,371,143,https://images.pexels.com/photos/34107696/pexels-photo-34107696.jpeg?auto=compress&cs=tinysrgb&h=350
engagement,nigerian,"Gbolahan Adeleke A.",GbolahanAdelekeA,male,yoruba,,546,83,https://images.pexels.com/photos/29801919/pexels-photo-29801919.png?auto=compress&cs=tinysrgb&h=350
engagement,nigerian,"Uchechi Anyanwu",UchechiAnyanwu,female,igbo,,585,206,https://images.pexels.com/photos/20234012/pexels-photo-20234012.jpeg?auto=compress&cs=tinysrgb&h=350
engagement,nigerian,"Precious Etim",PreciousEtim,female,english,,433,143,https://images.pexels.com/photos/39054378/pexels-photo-39054378.jpeg?auto=compress&cs=tinysrgb&h=350
engagement,nigerian,"Victor Anthony A.",VictorAnthonyA,male,english,,371,223,https://images.pexels.com/photos/11106268/pexels-photo-11106268.jpeg?auto=compress&cs=tinysrgb&h=350
engagement,nigerian,"Toyin Akinola",ToyinAkinola,female,yoruba,,625,177,https://images.pexels.com/photos/34107695/pexels-photo-34107695.jpeg?auto=compress&cs=tinysrgb&h=350
engagement,nigerian,"Chijioke Eke",ChijiokeEke,male,igbo,,389,80,https://images.pexels.com/photos/6607488/pexels-photo-6607488.jpeg?auto=compress&cs=tinysrgb&h=350
engagement,nigerian,"Femi Oyelaran",FemiOyelaran,male,yoruba,,379,284,https://images.pexels.com/photos/37577489/pexels-photo-37577489.jpeg?auto=compress&cs=tinysrgb&h=350
engagement,nigerian,"Somtochukwu Ibe A.",SomtochukwuIbeA,female,igbo,,636,228,https://images.pexels.com/photos/37036207/pexels-photo-37036207.jpeg?auto=compress&cs=tinysrgb&h=350
engagement,nigerian,"Kayode Afolabi",KayodeAfolabi,male,yoruba,,347,90,https://images.pexels.com/photos/18593737/pexels-photo-18593737.jpeg?auto=compress&cs=tinysrgb&h=350
engagement,nigerian,"Onyeka Nwafor A.",OnyekaNwaforA,male,igbo,,408,292,https://images.pexels.com/photos/18517144/pexels-photo-18517144.jpeg?auto=compress&cs=tinysrgb&h=350
engagement,nigerian,"Busola Oladapo A.",BusolaOladapoA,female,yoruba,,618,154,https://images.pexels.com/photos/35947478/pexels-photo-35947478.jpeg?auto=compress&cs=tinysrgb&h=350
engagement,nigerian,"Somtochukwu Nwosu B.",SomtochukwuNwosuB,male,igbo,,534,234,https://images.pexels.com/photos/30714675/pexels-photo-30714675.jpeg?auto=compress&cs=tinysrgb&h=350
engagement,nigerian,"Morenike Adenuga",MorenikeAdenuga,female,yoruba,,607,149,https://images.pexels.com/photos/33574449/pexels-photo-33574449.jpeg?auto=compress&cs=tinysrgb&h=350
engagement,nigerian,"Ikechukwu Eze",IkechukwuEze,male,igbo,,605,148,https://images.pexels.com/photos/35050037/pexels-photo-35050037.jpeg?auto=compress&cs=tinysrgb&h=350
engagement,nigerian,"Rotimi Adebayo",RotimiAdebayo,male,yoruba,,533,195,https://images.pexels.com/photos/35572496/pexels-photo-35572496.jpeg?auto=compress&cs=tinysrgb&h=350
engagement,nigerian,"Adaobi Ibe A.",AdaobiIbeA,female,igbo,,427,291,https://images.pexels.com/photos/38909249/pexels-photo-38909249.jpeg?auto=compress&cs=tinysrgb&h=350